DATAFLOW,LAST UPDATE,freq,unit,coicop,geo,TIME_PERIOD,OBS_VALUE,OBS_FLAG,CONF_STATUS
ESTAT:PRC_HICP_AIND(1.0),06/02/26 23:00:00,Annual,Annual average index,Actual rentals for housing,Austria,2015,100.00,,
ESTAT:PRC_HICP_AIND(1.0),06/02/26 23:00:00,Annual,Annual average index,Actual rentals for housing,Austria,2016,103.09,,
ESTAT:PRC_HICP_AIND(1.0),06/02/26 23:00:00,Annual,Annual average index,Actual rentals for housing,Austria,2017,107.36,,
ESTAT:PRC_HICP_AIND(1.0),06/02/26 23:00:00,Annual,Annual average index,Actual rentals for housing,Austria,2018,111.36,,
ESTAT:PRC_HICP_AIND(1.0),06/02/26 23:00:00,Annual,Annual average index,Actual rentals for housing,Austria,2019,114.66,,
ESTAT:PRC_HICP_AIND(1.0),06/02/26 23:00:00,Annual,Annual average index,Actual rentals for housing,Austria,2020,119.36,,
ESTAT:PRC_HICP_AIND(1.0),06/02/26 23:00:00,Annual,Annual average index,Actual rentals for housing,Austria,2021,121.71,,
ESTAT:PRC_HICP_AIND(1.0),06/02/26 23:00:00,Annual,Annual average index,Actual rentals for housing,Austria,2022,122.71,,
ESTAT:PRC_HICP_AIND(1.0),06/02/26 23:00:00,Annual,Annual average index,Actual rentals for housing,Austria,2023,132.35,,
ESTAT:PRC_HICP_AIND(1.0),06/02/26 23:00:00,Annual,Annual average index,Actual rentals for housing,Austria,2024,141.18,,
ESTAT:PRC_HICP_AIND(1.0),06/02/26 23:00:00,Annual,Annual average index,Actual rentals for housing,Austria,2025,147.25,,
ESTAT:PRC_HICP_AIND(1.0),06/02/26 23:00:00,Annual,Annual average index,Actual rentals for housing,Belgium,2015,100.00,,
ESTAT:PRC_HICP_AIND(1.0),06/02/26 23:00:00,Annual,Annual average index,Actual rentals for housing,Belgium,2016,100.95,,
ESTAT:PRC_HICP_AIND(1.0),06/02/26 23:00:00,Annual,Annual average index,Actual rentals for housing,Belgium,2017,102.04,,
ESTAT:PRC_HICP_AIND(1.0),06/02/26 23:00:00,Annual,Annual average index,Actual rentals for housing,Belgium,2018,103.11,,
ESTAT:PRC_HICP_AIND(1.0),06/02/26 23:00:00,Annual,Annual average index,Actual rentals for housing,Belgium,2019,104.19,,
ESTAT:PRC_HICP_AIND(1.0),06/02/26 23:00:00,Annual,Annual average index,Actual rentals for housing,Belgium,2020,106.97,,
ESTAT:PRC_HICP_AIND(1.0),06/02/26 23:00:00,Annual,Annual average index,Actual rentals for housing,Belgium,2021,109.13,,
ESTAT:PRC_HICP_AIND(1.0),06/02/26 23:00:00,Annual,Annual average index,Actual rentals for housing,Belgium,2022,112.96,,
ESTAT:PRC_HICP_AIND(1.0),06/02/26 23:00:00,Annual,Annual average index,Actual rentals for housing,Belgium,2023,119.67,,
ESTAT:PRC_HICP_AIND(1.0),06/02/26 23:00:00,Annual,Annual average index,Actual rentals for housing,Belgium,2024,125.59,,
ESTAT:PRC_HICP_AIND(1.0),06/02/26 23:00:00,Annual,Annual average index,Actual rentals for housing,Belgium,2025,130.28,,
ESTAT:PRC_HICP_AIND(1.0),06/02/26 23:00:00,Annual,Annual average index,Actual rentals for housing,Bulgaria,2015,100.00,,
ESTAT:PRC_HICP_AIND(1.0),06/02/26 23:00:00,Annual,Annual average index,Actual rentals for housing,Bulgaria,2016,100.60,,
ESTAT:PRC_HICP_AIND(1.0),06/02/26 23:00:00,Annual,Annual average index,Actual rentals for housing,Bulgaria,2017,101.60,,
ESTAT:PRC_HICP_AIND(1.0),06/02/26 23:00:00,Annual,Annual average index,Actual rentals for housing,Bulgaria,2018,103.52,,
ESTAT:PRC_HICP_AIND(1.0),06/02/26 23:00:00,Annual,Annual average index,Actual rentals for housing,Bulgaria,2019,106.90,,
ESTAT:PRC_HICP_AIND(1.0),06/02/26 23:00:00,Annual,Annual average index,Actual rentals for housing,Bulgaria,2020,109.61,,
ESTAT:PRC_HICP_AIND(1.0),06/02/26 23:00:00,Annual,Annual average index,Actual rentals for housing,Bulgaria,2021,111.42,,
ESTAT:PRC_HICP_AIND(1.0),06/02/26 23:00:00,Annual,Annual average index,Actual rentals for housing,Bulgaria,2022,118.48,,
ESTAT:PRC_HICP_AIND(1.0),06/02/26 23:00:00,Annual,Annual average index,Actual rentals for housing,Bulgaria,2023,128.42,,
ESTAT:PRC_HICP_AIND(1.0),06/02/26 23:00:00,Annual,Annual average index,Actual rentals for housing,Bulgaria,2024,135.55,,
ESTAT:PRC_HICP_AIND(1.0),06/02/26 23:00:00,Annual,Annual average index,Actual rentals for housing,Bulgaria,2025,148.56,,
ESTAT:PRC_HICP_AIND(1.0),06/02/26 23:00:00,Annual,Annual average index,Actual rentals for housing,Switzerland,2015,100.00,e,
ESTAT:PRC_HICP_AIND(1.0),06/02/26 23:00:00,Annual,Annual average index,Actual rentals for housing,Switzerland,2016,100.19,e,
ESTAT:PRC_HICP_AIND(1.0),06/02/26 23:00:00,Annual,Annual average index,Actual rentals for housing,Switzerland,2017,101.37,e,
ESTAT:PRC_HICP_AIND(1.0),06/02/26 23:00:00,Annual,Annual average index,Actual rentals for housing,Switzerland,2018,101.93,e,
ESTAT:PRC_HICP_AIND(1.0),06/02/26 23:00:00,Annual,Annual average index,Actual rentals for housing,Switzerland,2019,102.51,e,
ESTAT:PRC_HICP_AIND(1.0),06/02/26 23:00:00,Annual,Annual average index,Actual rentals for housing,Switzerland,2020,103.39,e,
ESTAT:PRC_HICP_AIND(1.0),06/02/26 23:00:00,Annual,Annual average index,Actual rentals for housing,Switzerland,2021,104.47,e,
ESTAT:PRC_HICP_AIND(1.0),06/02/26 23:00:00,Annual,Annual average index,Actual rentals for housing,Switzerland,2022,105.97,e,
ESTAT:PRC_HICP_AIND(1.0),06/02/26 23:00:00,Annual,Annual average index,Actual rentals for housing,Switzerland,2023,107.57,e,
ESTAT:PRC_HICP_AIND(1.0),06/02/26 23:00:00,Annual,Annual average index,Actual rentals for housing,Switzerland,2024,110.81,e,
ESTAT:PRC_HICP_AIND(1.0),06/02/26 23:00:00,Annual,Annual average index,Actual rentals for housing,Switzerland,2025,113.55,e,
ESTAT:PRC_HICP_AIND(1.0),06/02/26 23:00:00,Annual,Annual average index,Actual rentals for housing,Cyprus,2015,100.00,,
ESTAT:PRC_HICP_AIND(1.0),06/02/26 23:00:00,Annual,Annual average index,Actual rentals for housing,Cyprus,2016,99.50,,
ESTAT:PRC_HICP_AIND(1.0),06/02/26 23:00:00,Annual,Annual average index,Actual rentals for housing,Cyprus,2017,100.25,,
ESTAT:PRC_HICP_AIND(1.0),06/02/26 23:00:00,Annual,Annual average index,Actual rentals for housing,Cyprus,2018,102.74,,
ESTAT:PRC_HICP_AIND(1.0),06/02/26 23:00:00,Annual,Annual average index,Actual rentals for housing,Cyprus,2019,106.21,,
ESTAT:PRC_HICP_AIND(1.0),06/02/26 23:00:00,Annual,Annual average index,Actual rentals for housing,Cyprus,2020,108.84,,
ESTAT:PRC_HICP_AIND(1.0),06/02/26 23:00:00,Annual,Annual average index,Actual rentals for housing,Cyprus,2021,110.90,,
ESTAT:PRC_HICP_AIND(1.0),06/02/26 23:00:00,Annual,Annual average index,Actual rentals for housing,Cyprus,2022,114.28,,
ESTAT:PRC_HICP_AIND(1.0),06/02/26 23:00:00,Annual,Annual average index,Actual rentals for housing,Cyprus,2023,119.40,,
ESTAT:PRC_HICP_AIND(1.0),06/02/26 23:00:00,Annual,Annual average index,Actual rentals for housing,Cyprus,2024,124.94,,
ESTAT:PRC_HICP_AIND(1.0),06/02/26 23:00:00,Annual,Annual average index,Actual rentals for housing,Cyprus,2025,129.21,,
ESTAT:PRC_HICP_AIND(1.0),06/02/26 23:00:00,Annual,Annual average index,Actual rentals for housing,Czechia,2015,100.0,,
ESTAT:PRC_HICP_AIND(1.0),06/02/26 23:00:00,Annual,Annual average index,Actual rentals for housing,Czechia,2016,101.2,,
ESTAT:PRC_HICP_AIND(1.0),06/02/26 23:00:00,Annual,Annual average index,Actual rentals for housing,Czechia,2017,103.4,,
ESTAT:PRC_HICP_AIND(1.0),06/02/26 23:00:00,Annual,Annual average index,Actual rentals for housing,Czechia,2018,106.4,,
ESTAT:PRC_HICP_AIND(1.0),06/02/26 23:00:00,Annual,Annual average index,Actual rentals for housing,Czechia,2019,110.4,,
ESTAT:PRC_HICP_AIND(1.0),06/02/26 23:00:00,Annual,Annual average index,Actual rentals for housing,Czechia,2020,113.8,,
ESTAT:PRC_HICP_AIND(1.0),06/02/26 23:00:00,Annual,Annual average index,Actual rentals for housing,Czechia,2021,116.5,,
ESTAT:PRC_HICP_AIND(1.0),06/02/26 23:00:00,Annual,Annual average index,Actual rentals for housing,Czechia,2022,122.3,,
ESTAT:PRC_HICP_AIND(1.0),06/02/26 23:00:00,Annual,Annual average index,Actual rentals for housing,Czechia,2023,131.0,,
ESTAT:PRC_HICP_AIND(1.0),06/02/26 23:00:00,Annual,Annual average index,Actual rentals for housing,Czechia,2024,139.9,,
ESTAT:PRC_HICP_AIND(1.0),06/02/26 23:00:00,Annual,Annual average index,Actual rentals for housing,Czechia,2025,148.3,,
ESTAT:PRC_HICP_AIND(1.0),06/02/26 23:00:00,Annual,Annual average index,Actual rentals for housing,Germany,2015,100.0,,
ESTAT:PRC_HICP_AIND(1.0),06/02/26 23:00:00,Annual,Annual average index,Actual rentals for housing,Germany,2016,101.2,,
ESTAT:PRC_HICP_AIND(1.0),06/02/26 23:00:00,Annual,Annual average index,Actual rentals for housing,Germany,2017,102.9,,
ESTAT:PRC_HICP_AIND(1.0),06/02/26 23:00:00,Annual,Annual average index,Actual rentals for housing,Germany,2018,104.6,,
ESTAT:PRC_HICP_AIND(1.0),06/02/26 23:00:00,Annual,Annual average index,Actual rentals for housing,Germany,2019,106.1,,
ESTAT:PRC_HICP_AIND(1.0),06/02/26 23:00:00,Annual,Annual average index,Actual rentals for housing,Germany,2020,107.6,,
ESTAT:PRC_HICP_AIND(1.0),06/02/26 23:00:00,Annual,Annual average index,Actual rentals for housing,Germany,2021,109.0,,
ESTAT:PRC_HICP_AIND(1.0),06/02/26 23:00:00,Annual,Annual average index,Actual rentals for housing,Germany,2022,110.8,,
ESTAT:PRC_HICP_AIND(1.0),06/02/26 23:00:00,Annual,Annual average index,Actual rentals for housing,Germany,2023,113.1,,
ESTAT:PRC_HICP_AIND(1.0),06/02/26 23:00:00,Annual,Annual average index,Actual rentals for housing,Germany,2024,115.5,,
ESTAT:PRC_HICP_AIND(1.0),06/02/26 23:00:00,Annual,Annual average index,Actual rentals for housing,Germany,2025,117.9,,
ESTAT:PRC_HICP_AIND(1.0),06/02/26 23:00:00,Annual,Annual average index,Actual rentals for housing,Denmark,2015,100.0,,
ESTAT:PRC_HICP_AIND(1.0),06/02/26 23:00:00,Annual,Annual average index,Actual rentals for housing,Denmark,2016,101.4,,
ESTAT:PRC_HICP_AIND(1.0),06/02/26 23:00:00,Annual,Annual average index,Actual rentals for housing,Denmark,2017,103.0,,
ESTAT:PRC_HICP_AIND(1.0),06/02/26 23:00:00,Annual,Annual average index,Actual rentals for housing,Denmark,2018,104.2,,
ESTAT:PRC_HICP_AIND(1.0),06/02/26 23:00:00,Annual,Annual average index,Actual rentals for housing,Denmark,2019,105.1,,
ESTAT:PRC_HICP_AIND(1.0),06/02/26 23:00:00,Annual,Annual average index,Actual rentals for housing,Denmark,2020,106.1,,
ESTAT:PRC_HICP_AIND(1.0),06/02/26 23:00:00,Annual,Annual average index,Actual rentals for housing,Denmark,2021,107.5,,
ESTAT:PRC_HICP_AIND(1.0),06/02/26 23:00:00,Annual,Annual average index,Actual rentals for housing,Denmark,2022,109.7,,
ESTAT:PRC_HICP_AIND(1.0),06/02/26 23:00:00,Annual,Annual average index,Actual rentals for housing,Denmark,2023,112.7,,
ESTAT:PRC_HICP_AIND(1.0),06/02/26 23:00:00,Annual,Annual average index,Actual rentals for housing,Denmark,2024,115.0,,
ESTAT:PRC_HICP_AIND(1.0),06/02/26 23:00:00,Annual,Annual average index,Actual rentals for housing,Denmark,2025,117.5,,
ESTAT:PRC_HICP_AIND(1.0),06/02/26 23:00:00,Annual,Annual average index,Actual rentals for housing,Estonia,2015,100.00,,
ESTAT:PRC_HICP_AIND(1.0),06/02/26 23:00:00,Annual,Annual average index,Actual rentals for housing,Estonia,2016,106.48,,
ESTAT:PRC_HICP_AIND(1.0),06/02/26 23:00:00,Annual,Annual average index,Actual rentals for housing,Estonia,2017,114.28,,
ESTAT:PRC_HICP_AIND(1.0),06/02/26 23:00:00,Annual,Annual average index,Actual rentals for housing,Estonia,2018,122.33,,
ESTAT:PRC_HICP_AIND(1.0),06/02/26 23:00:00,Annual,Annual average index,Actual rentals for housing,Estonia,2019,130.68,,
ESTAT:PRC_HICP_AIND(1.0),06/02/26 23:00:00,Annual,Annual average index,Actual rentals for housing,Estonia,2020,125.22,,
ESTAT:PRC_HICP_AIND(1.0),06/02/26 23:00:00,Annual,Annual average index,Actual rentals for housing,Estonia,2021,129.88,,
ESTAT:PRC_HICP_AIND(1.0),06/02/26 23:00:00,Annual,Annual average index,Actual rentals for housing,Estonia,2022,158.56,,
ESTAT:PRC_HICP_AIND(1.0),06/02/26 23:00:00,Annual,Annual average index,Actual rentals for housing,Estonia,2023,159.04,,
ESTAT:PRC_HICP_AIND(1.0),06/02/26 23:00:00,Annual,Annual average index,Actual rentals for housing,Estonia,2024,157.55,,
ESTAT:PRC_HICP_AIND(1.0),06/02/26 23:00:00,Annual,Annual average index,Actual rentals for housing,Estonia,2025,165.27,,
ESTAT:PRC_HICP_AIND(1.0),06/02/26 23:00:00,Annual,Annual average index,Actual rentals for housing,Greece,2015,100.00,,
ESTAT:PRC_HICP_AIND(1.0),06/02/26 23:00:00,Annual,Annual average index,Actual rentals for housing,Greece,2016,97.39,,
ESTAT:PRC_HICP_AIND(1.0),06/02/26 23:00:00,Annual,Annual average index,Actual rentals for housing,Greece,2017,95.23,,
ESTAT:PRC_HICP_AIND(1.0),06/02/26 23:00:00,Annual,Annual average index,Actual rentals for housing,Greece,2018,92.16,,
ESTAT:PRC_HICP_AIND(1.0),06/02/26 23:00:00,Annual,Annual average index,Actual rentals for housing,Greece,2019,92.16,,
ESTAT:PRC_HICP_AIND(1.0),06/02/26 23:00:00,Annual,Annual average index,Actual rentals for housing,Greece,2020,92.16,,
ESTAT:PRC_HICP_AIND(1.0),06/02/26 23:00:00,Annual,Annual average index,Actual rentals for housing,Greece,2021,92.27,,
ESTAT:PRC_HICP_AIND(1.0),06/02/26 23:00:00,Annual,Annual average index,Actual rentals for housing,Greece,2022,93.46,,
ESTAT:PRC_HICP_AIND(1.0),06/02/26 23:00:00,Annual,Annual average index,Actual rentals for housing,Greece,2023,97.93,,
ESTAT:PRC_HICP_AIND(1.0),06/02/26 23:00:00,Annual,Annual average index,Actual rentals for housing,Greece,2024,102.92,,
ESTAT:PRC_HICP_AIND(1.0),06/02/26 23:00:00,Annual,Annual average index,Actual rentals for housing,Greece,2025,113.26,,
ESTAT:PRC_HICP_AIND(1.0),06/02/26 23:00:00,Annual,Annual average index,Actual rentals for housing,Spain,2015,100.00,,
ESTAT:PRC_HICP_AIND(1.0),06/02/26 23:00:00,Annual,Annual average index,Actual rentals for housing,Spain,2016,99.91,,
ESTAT:PRC_HICP_AIND(1.0),06/02/26 23:00:00,Annual,Annual average index,Actual rentals for housing,Spain,2017,100.32,,
ESTAT:PRC_HICP_AIND(1.0),06/02/26 23:00:00,Annual,Annual average index,Actual rentals for housing,Spain,2018,101.59,,
ESTAT:PRC_HICP_AIND(1.0),06/02/26 23:00:00,Annual,Annual average index,Actual rentals for housing,Spain,2019,103.15,,
ESTAT:PRC_HICP_AIND(1.0),06/02/26 23:00:00,Annual,Annual average index,Actual rentals for housing,Spain,2020,104.33,,
ESTAT:PRC_HICP_AIND(1.0),06/02/26 23:00:00,Annual,Annual average index,Actual rentals for housing,Spain,2021,104.95,,
ESTAT:PRC_HICP_AIND(1.0),06/02/26 23:00:00,Annual,Annual average index,Actual rentals for housing,Spain,2022,106.37,,
ESTAT:PRC_HICP_AIND(1.0),06/02/26 23:00:00,Annual,Annual average index,Actual rentals for housing,Spain,2023,108.55,,
ESTAT:PRC_HICP_AIND(1.0),06/02/26 23:00:00,Annual,Annual average index,Actual rentals for housing,Spain,2024,110.93,,
ESTAT:PRC_HICP_AIND(1.0),06/02/26 23:00:00,Annual,Annual average index,Actual rentals for housing,Spain,2025,113.61,,
ESTAT:PRC_HICP_AIND(1.0),06/02/26 23:00:00,Annual,Annual average index,Actual rentals for housing,European Union - 27 countries (from 2020),2015,100.00,,
ESTAT:PRC_HICP_AIND(1.0),06/02/26 23:00:00,Annual,Annual average index,Actual rentals for housing,European Union - 27 countries (from 2020),2016,101.07,,
ESTAT:PRC_HICP_AIND(1.0),06/02/26 23:00:00,Annual,Annual average index,Actual rentals for housing,European Union - 27 countries (from 2020),2017,102.36,,
ESTAT:PRC_HICP_AIND(1.0),06/02/26 23:00:00,Annual,Annual average index,Actual rentals for housing,European Union - 27 countries (from 2020),2018,103.64,,
ESTAT:PRC_HICP_AIND(1.0),06/02/26 23:00:00,Annual,Annual average index,Actual rentals for housing,European Union - 27 countries (from 2020),2019,105.16,,
ESTAT:PRC_HICP_AIND(1.0),06/02/26 23:00:00,Annual,Annual average index,Actual rentals for housing,European Union - 27 countries (from 2020),2020,106.62,,
ESTAT:PRC_HICP_AIND(1.0),06/02/26 23:00:00,Annual,Annual average index,Actual rentals for housing,European Union - 27 countries (from 2020),2021,107.95,,
ESTAT:PRC_HICP_AIND(1.0),06/02/26 23:00:00,Annual,Annual average index,Actual rentals for housing,European Union - 27 countries (from 2020),2022,110.02,,
ESTAT:PRC_HICP_AIND(1.0),06/02/26 23:00:00,Annual,Annual average index,Actual rentals for housing,European Union - 27 countries (from 2020),2023,113.29,,
ESTAT:PRC_HICP_AIND(1.0),06/02/26 23:00:00,Annual,Annual average index,Actual rentals for housing,European Union - 27 countries (from 2020),2024,116.83,,
ESTAT:PRC_HICP_AIND(1.0),06/02/26 23:00:00,Annual,Annual average index,Actual rentals for housing,European Union - 27 countries (from 2020),2025,120.51,,
ESTAT:PRC_HICP_AIND(1.0),06/02/26 23:00:00,Annual,Annual average index,Actual rentals for housing,Finland,2015,100.00,,
ESTAT:PRC_HICP_AIND(1.0),06/02/26 23:00:00,Annual,Annual average index,Actual rentals for housing,Finland,2016,102.29,,
ESTAT:PRC_HICP_AIND(1.0),06/02/26 23:00:00,Annual,Annual average index,Actual rentals for housing,Finland,2017,104.38,,
ESTAT:PRC_HICP_AIND(1.0),06/02/26 23:00:00,Annual,Annual average index,Actual rentals for housing,Finland,2018,106.36,,
ESTAT:PRC_HICP_AIND(1.0),06/02/26 23:00:00,Annual,Annual average index,Actual rentals for housing,Finland,2019,108.49,,
ESTAT:PRC_HICP_AIND(1.0),06/02/26 23:00:00,Annual,Annual average index,Actual rentals for housing,Finland,2020,110.00,,
ESTAT:PRC_HICP_AIND(1.0),06/02/26 23:00:00,Annual,Annual average index,Actual rentals for housing,Finland,2021,110.92,,
ESTAT:PRC_HICP_AIND(1.0),06/02/26 23:00:00,Annual,Annual average index,Actual rentals for housing,Finland,2022,112.02,,
ESTAT:PRC_HICP_AIND(1.0),06/02/26 23:00:00,Annual,Annual average index,Actual rentals for housing,Finland,2023,114.33,,
ESTAT:PRC_HICP_AIND(1.0),06/02/26 23:00:00,Annual,Annual average index,Actual rentals for housing,Finland,2024,117.15,,
ESTAT:PRC_HICP_AIND(1.0),06/02/26 23:00:00,Annual,Annual average index,Actual rentals for housing,Finland,2025,118.37,,
ESTAT:PRC_HICP_AIND(1.0),06/02/26 23:00:00,Annual,Annual average index,Actual rentals for housing,France,2015,100.00,,
ESTAT:PRC_HICP_AIND(1.0),06/02/26 23:00:00,Annual,Annual average index,Actual rentals for housing,France,2016,100.32,,
ESTAT:PRC_HICP_AIND(1.0),06/02/26 23:00:00,Annual,Annual average index,Actual rentals for housing,France,2017,100.51,,
ESTAT:PRC_HICP_AIND(1.0),06/02/26 23:00:00,Annual,Annual average index,Actual rentals for housing,France,2018,100.25,,
ESTAT:PRC_HICP_AIND(1.0),06/02/26 23:00:00,Annual,Annual average index,Actual rentals for housing,France,2019,100.67,,
ESTAT:PRC_HICP_AIND(1.0),06/02/26 23:00:00,Annual,Annual average index,Actual rentals for housing,France,2020,101.06,,
ESTAT:PRC_HICP_AIND(1.0),06/02/26 23:00:00,Annual,Annual average index,Actual rentals for housing,France,2021,101.92,,
ESTAT:PRC_HICP_AIND(1.0),06/02/26 23:00:00,Annual,Annual average index,Actual rentals for housing,France,2022,102.60,,
ESTAT:PRC_HICP_AIND(1.0),06/02/26 23:00:00,Annual,Annual average index,Actual rentals for housing,France,2023,104.78,,
ESTAT:PRC_HICP_AIND(1.0),06/02/26 23:00:00,Annual,Annual average index,Actual rentals for housing,France,2024,107.23,,
ESTAT:PRC_HICP_AIND(1.0),06/02/26 23:00:00,Annual,Annual average index,Actual rentals for housing,France,2025,109.72,,
ESTAT:PRC_HICP_AIND(1.0),06/02/26 23:00:00,Annual,Annual average index,Actual rentals for housing,Croatia,2015,100.00,,
ESTAT:PRC_HICP_AIND(1.0),06/02/26 23:00:00,Annual,Annual average index,Actual rentals for housing,Croatia,2016,98.92,,
ESTAT:PRC_HICP_AIND(1.0),06/02/26 23:00:00,Annual,Annual average index,Actual rentals for housing,Croatia,2017,98.64,,
ESTAT:PRC_HICP_AIND(1.0),06/02/26 23:00:00,Annual,Annual average index,Actual rentals for housing,Croatia,2018,101.17,,
ESTAT:PRC_HICP_AIND(1.0),06/02/26 23:00:00,Annual,Annual average index,Actual rentals for housing,Croatia,2019,106.09,,
ESTAT:PRC_HICP_AIND(1.0),06/02/26 23:00:00,Annual,Annual average index,Actual rentals for housing,Croatia,2020,108.40,,
ESTAT:PRC_HICP_AIND(1.0),06/02/26 23:00:00,Annual,Annual average index,Actual rentals for housing,Croatia,2021,108.90,,
ESTAT:PRC_HICP_AIND(1.0),06/02/26 23:00:00,Annual,Annual average index,Actual rentals for housing,Croatia,2022,112.36,,
ESTAT:PRC_HICP_AIND(1.0),06/02/26 23:00:00,Annual,Annual average index,Actual rentals for housing,Croatia,2023,119.42,,
ESTAT:PRC_HICP_AIND(1.0),06/02/26 23:00:00,Annual,Annual average index,Actual rentals for housing,Croatia,2024,124.62,,
ESTAT:PRC_HICP_AIND(1.0),06/02/26 23:00:00,Annual,Annual average index,Actual rentals for housing,Croatia,2025,146.49,,
ESTAT:PRC_HICP_AIND(1.0),06/02/26 23:00:00,Annual,Annual average index,Actual rentals for housing,Hungary,2015,100.00,,
ESTAT:PRC_HICP_AIND(1.0),06/02/26 23:00:00,Annual,Annual average index,Actual rentals for housing,Hungary,2016,105.22,,
ESTAT:PRC_HICP_AIND(1.0),06/02/26 23:00:00,Annual,Annual average index,Actual rentals for housing,Hungary,2017,108.42,,
ESTAT:PRC_HICP_AIND(1.0),06/02/26 23:00:00,Annual,Annual average index,Actual rentals for housing,Hungary,2018,113.90,,
ESTAT:PRC_HICP_AIND(1.0),06/02/26 23:00:00,Annual,Annual average index,Actual rentals for housing,Hungary,2019,124.60,,
ESTAT:PRC_HICP_AIND(1.0),06/02/26 23:00:00,Annual,Annual average index,Actual rentals for housing,Hungary,2020,129.93,,
ESTAT:PRC_HICP_AIND(1.0),06/02/26 23:00:00,Annual,Annual average index,Actual rentals for housing,Hungary,2021,132.37,,
ESTAT:PRC_HICP_AIND(1.0),06/02/26 23:00:00,Annual,Annual average index,Actual rentals for housing,Hungary,2022,146.33,,
ESTAT:PRC_HICP_AIND(1.0),06/02/26 23:00:00,Annual,Annual average index,Actual rentals for housing,Hungary,2023,166.48,,
ESTAT:PRC_HICP_AIND(1.0),06/02/26 23:00:00,Annual,Annual average index,Actual rentals for housing,Hungary,2024,187.10,,
ESTAT:PRC_HICP_AIND(1.0),06/02/26 23:00:00,Annual,Annual average index,Actual rentals for housing,Hungary,2025,205.43,,
ESTAT:PRC_HICP_AIND(1.0),06/02/26 23:00:00,Annual,Annual average index,Actual rentals for housing,Ireland,2015,100.0,,
ESTAT:PRC_HICP_AIND(1.0),06/02/26 23:00:00,Annual,Annual average index,Actual rentals for housing,Ireland,2016,108.7,,
ESTAT:PRC_HICP_AIND(1.0),06/02/26 23:00:00,Annual,Annual average index,Actual rentals for housing,Ireland,2017,115.9,,
ESTAT:PRC_HICP_AIND(1.0),06/02/26 23:00:00,Annual,Annual average index,Actual rentals for housing,Ireland,2018,123.4,,
ESTAT:PRC_HICP_AIND(1.0),06/02/26 23:00:00,Annual,Annual average index,Actual rentals for housing,Ireland,2019,129.9,,
ESTAT:PRC_HICP_AIND(1.0),06/02/26 23:00:00,Annual,Annual average index,Actual rentals for housing,Ireland,2020,130.1,,
ESTAT:PRC_HICP_AIND(1.0),06/02/26 23:00:00,Annual,Annual average index,Actual rentals for housing,Ireland,2021,133.8,,
ESTAT:PRC_HICP_AIND(1.0),06/02/26 23:00:00,Annual,Annual average index,Actual rentals for housing,Ireland,2022,146.9,,
ESTAT:PRC_HICP_AIND(1.0),06/02/26 23:00:00,Annual,Annual average index,Actual rentals for housing,Ireland,2023,157.7,,
ESTAT:PRC_HICP_AIND(1.0),06/02/26 23:00:00,Annual,Annual average index,Actual rentals for housing,Ireland,2024,166.1,,
ESTAT:PRC_HICP_AIND(1.0),06/02/26 23:00:00,Annual,Annual average index,Actual rentals for housing,Ireland,2025,173.6,,
ESTAT:PRC_HICP_AIND(1.0),06/02/26 23:00:00,Annual,Annual average index,Actual rentals for housing,Iceland,2015,100.00,,
ESTAT:PRC_HICP_AIND(1.0),06/02/26 23:00:00,Annual,Annual average index,Actual rentals for housing,Iceland,2016,104.32,,
ESTAT:PRC_HICP_AIND(1.0),06/02/26 23:00:00,Annual,Annual average index,Actual rentals for housing,Iceland,2017,108.33,,
ESTAT:PRC_HICP_AIND(1.0),06/02/26 23:00:00,Annual,Annual average index,Actual rentals for housing,Iceland,2018,113.88,,
ESTAT:PRC_HICP_AIND(1.0),06/02/26 23:00:00,Annual,Annual average index,Actual rentals for housing,Iceland,2019,120.37,,
ESTAT:PRC_HICP_AIND(1.0),06/02/26 23:00:00,Annual,Annual average index,Actual rentals for housing,Iceland,2020,124.60,,
ESTAT:PRC_HICP_AIND(1.0),06/02/26 23:00:00,Annual,Annual average index,Actual rentals for housing,Iceland,2021,128.48,,
ESTAT:PRC_HICP_AIND(1.0),06/02/26 23:00:00,Annual,Annual average index,Actual rentals for housing,Iceland,2022,134.63,,
ESTAT:PRC_HICP_AIND(1.0),06/02/26 23:00:00,Annual,Annual average index,Actual rentals for housing,Iceland,2023,145.85,,
ESTAT:PRC_HICP_AIND(1.0),06/02/26 23:00:00,Annual,Annual average index,Actual rentals for housing,Iceland,2024,159.84,,
ESTAT:PRC_HICP_AIND(1.0),06/02/26 23:00:00,Annual,Annual average index,Actual rentals for housing,Iceland,2025,175.72,,
ESTAT:PRC_HICP_AIND(1.0),06/02/26 23:00:00,Annual,Annual average index,Actual rentals for housing,Italy,2015,100.0,,
ESTAT:PRC_HICP_AIND(1.0),06/02/26 23:00:00,Annual,Annual average index,Actual rentals for housing,Italy,2016,100.3,,
ESTAT:PRC_HICP_AIND(1.0),06/02/26 23:00:00,Annual,Annual average index,Actual rentals for housing,Italy,2017,100.5,,
ESTAT:PRC_HICP_AIND(1.0),06/02/26 23:00:00,Annual,Annual average index,Actual rentals for housing,Italy,2018,100.9,,
ESTAT:PRC_HICP_AIND(1.0),06/02/26 23:00:00,Annual,Annual average index,Actual rentals for housing,Italy,2019,101.1,,
ESTAT:PRC_HICP_AIND(1.0),06/02/26 23:00:00,Annual,Annual average index,Actual rentals for housing,Italy,2020,101.4,,
ESTAT:PRC_HICP_AIND(1.0),06/02/26 23:00:00,Annual,Annual average index,Actual rentals for housing,Italy,2021,101.4,,
ESTAT:PRC_HICP_AIND(1.0),06/02/26 23:00:00,Annual,Annual average index,Actual rentals for housing,Italy,2022,102.6,,
ESTAT:PRC_HICP_AIND(1.0),06/02/26 23:00:00,Annual,Annual average index,Actual rentals for housing,Italy,2023,105.1,,
ESTAT:PRC_HICP_AIND(1.0),06/02/26 23:00:00,Annual,Annual average index,Actual rentals for housing,Italy,2024,108.4,,
ESTAT:PRC_HICP_AIND(1.0),06/02/26 23:00:00,Annual,Annual average index,Actual rentals for housing,Italy,2025,112.6,,
ESTAT:PRC_HICP_AIND(1.0),06/02/26 23:00:00,Annual,Annual average index,Actual rentals for housing,Lithuania,2015,100.00,,
ESTAT:PRC_HICP_AIND(1.0),06/02/26 23:00:00,Annual,Annual average index,Actual rentals for housing,Lithuania,2016,110.34,,
ESTAT:PRC_HICP_AIND(1.0),06/02/26 23:00:00,Annual,Annual average index,Actual rentals for housing,Lithuania,2017,110.70,,
ESTAT:PRC_HICP_AIND(1.0),06/02/26 23:00:00,Annual,Annual average index,Actual rentals for housing,Lithuania,2018,117.09,,
ESTAT:PRC_HICP_AIND(1.0),06/02/26 23:00:00,Annual,Annual average index,Actual rentals for housing,Lithuania,2019,126.08,,
ESTAT:PRC_HICP_AIND(1.0),06/02/26 23:00:00,Annual,Annual average index,Actual rentals for housing,Lithuania,2020,129.42,,
ESTAT:PRC_HICP_AIND(1.0),06/02/26 23:00:00,Annual,Annual average index,Actual rentals for housing,Lithuania,2021,131.75,,
ESTAT:PRC_HICP_AIND(1.0),06/02/26 23:00:00,Annual,Annual average index,Actual rentals for housing,Lithuania,2022,153.02,,
ESTAT:PRC_HICP_AIND(1.0),06/02/26 23:00:00,Annual,Annual average index,Actual rentals for housing,Lithuania,2023,168.22,,
ESTAT:PRC_HICP_AIND(1.0),06/02/26 23:00:00,Annual,Annual average index,Actual rentals for housing,Lithuania,2024,173.73,,
ESTAT:PRC_HICP_AIND(1.0),06/02/26 23:00:00,Annual,Annual average index,Actual rentals for housing,Lithuania,2025,183.47,,
ESTAT:PRC_HICP_AIND(1.0),06/02/26 23:00:00,Annual,Annual average index,Actual rentals for housing,Luxembourg,2015,100.00,,
ESTAT:PRC_HICP_AIND(1.0),06/02/26 23:00:00,Annual,Annual average index,Actual rentals for housing,Luxembourg,2016,100.85,,
ESTAT:PRC_HICP_AIND(1.0),06/02/26 23:00:00,Annual,Annual average index,Actual rentals for housing,Luxembourg,2017,102.03,,
ESTAT:PRC_HICP_AIND(1.0),06/02/26 23:00:00,Annual,Annual average index,Actual rentals for housing,Luxembourg,2018,103.32,,
ESTAT:PRC_HICP_AIND(1.0),06/02/26 23:00:00,Annual,Annual average index,Actual rentals for housing,Luxembourg,2019,104.71,,
ESTAT:PRC_HICP_AIND(1.0),06/02/26 23:00:00,Annual,Annual average index,Actual rentals for housing,Luxembourg,2020,105.85,,
ESTAT:PRC_HICP_AIND(1.0),06/02/26 23:00:00,Annual,Annual average index,Actual rentals for housing,Luxembourg,2021,107.31,,
ESTAT:PRC_HICP_AIND(1.0),06/02/26 23:00:00,Annual,Annual average index,Actual rentals for housing,Luxembourg,2022,109.18,,
ESTAT:PRC_HICP_AIND(1.0),06/02/26 23:00:00,Annual,Annual average index,Actual rentals for housing,Luxembourg,2023,111.06,,
ESTAT:PRC_HICP_AIND(1.0),06/02/26 23:00:00,Annual,Annual average index,Actual rentals for housing,Luxembourg,2024,112.80,,
ESTAT:PRC_HICP_AIND(1.0),06/02/26 23:00:00,Annual,Annual average index,Actual rentals for housing,Luxembourg,2025,114.56,,
ESTAT:PRC_HICP_AIND(1.0),06/02/26 23:00:00,Annual,Annual average index,Actual rentals for housing,Latvia,2015,100.00,,
ESTAT:PRC_HICP_AIND(1.0),06/02/26 23:00:00,Annual,Annual average index,Actual rentals for housing,Latvia,2016,98.62,,
ESTAT:PRC_HICP_AIND(1.0),06/02/26 23:00:00,Annual,Annual average index,Actual rentals for housing,Latvia,2017,98.27,,
ESTAT:PRC_HICP_AIND(1.0),06/02/26 23:00:00,Annual,Annual average index,Actual rentals for housing,Latvia,2018,102.37,,
ESTAT:PRC_HICP_AIND(1.0),06/02/26 23:00:00,Annual,Annual average index,Actual rentals for housing,Latvia,2019,107.12,,
ESTAT:PRC_HICP_AIND(1.0),06/02/26 23:00:00,Annual,Annual average index,Actual rentals for housing,Latvia,2020,104.81,,
ESTAT:PRC_HICP_AIND(1.0),06/02/26 23:00:00,Annual,Annual average index,Actual rentals for housing,Latvia,2021,106.46,,
ESTAT:PRC_HICP_AIND(1.0),06/02/26 23:00:00,Annual,Annual average index,Actual rentals for housing,Latvia,2022,109.59,,
ESTAT:PRC_HICP_AIND(1.0),06/02/26 23:00:00,Annual,Annual average index,Actual rentals for housing,Latvia,2023,112.74,,
ESTAT:PRC_HICP_AIND(1.0),06/02/26 23:00:00,Annual,Annual average index,Actual rentals for housing,Latvia,2024,120.87,,
ESTAT:PRC_HICP_AIND(1.0),06/02/26 23:00:00,Annual,Annual average index,Actual rentals for housing,Latvia,2025,127.78,,
ESTAT:PRC_HICP_AIND(1.0),06/02/26 23:00:00,Annual,Annual average index,Actual rentals for housing,North Macedonia,2015,100.00,d,
ESTAT:PRC_HICP_AIND(1.0),06/02/26 23:00:00,Annual,Annual average index,Actual rentals for housing,North Macedonia,2016,99.63,d,
ESTAT:PRC_HICP_AIND(1.0),06/02/26 23:00:00,Annual,Annual average index,Actual rentals for housing,North Macedonia,2017,99.63,d,
ESTAT:PRC_HICP_AIND(1.0),06/02/26 23:00:00,Annual,Annual average index,Actual rentals for housing,North Macedonia,2018,100.41,d,
ESTAT:PRC_HICP_AIND(1.0),06/02/26 23:00:00,Annual,Annual average index,Actual rentals for housing,North Macedonia,2019,100.41,d,
ESTAT:PRC_HICP_AIND(1.0),06/02/26 23:00:00,Annual,Annual average index,Actual rentals for housing,North Macedonia,2020,100.48,d,
ESTAT:PRC_HICP_AIND(1.0),06/02/26 23:00:00,Annual,Annual average index,Actual rentals for housing,North Macedonia,2021,100.80,d,
ESTAT:PRC_HICP_AIND(1.0),06/02/26 23:00:00,Annual,Annual average index,Actual rentals for housing,North Macedonia,2022,102.41,d,
ESTAT:PRC_HICP_AIND(1.0),06/02/26 23:00:00,Annual,Annual average index,Actual rentals for housing,North Macedonia,2023,104.58,d,
ESTAT:PRC_HICP_AIND(1.0),06/02/26 23:00:00,Annual,Annual average index,Actual rentals for housing,North Macedonia,2024,108.80,d,
ESTAT:PRC_HICP_AIND(1.0),06/02/26 23:00:00,Annual,Annual average index,Actual rentals for housing,North Macedonia,2025,112.35,d,
ESTAT:PRC_HICP_AIND(1.0),06/02/26 23:00:00,Annual,Annual average index,Actual rentals for housing,Malta,2015,100.00,,
ESTAT:PRC_HICP_AIND(1.0),06/02/26 23:00:00,Annual,Annual average index,Actual rentals for housing,Malta,2016,104.41,,
ESTAT:PRC_HICP_AIND(1.0),06/02/26 23:00:00,Annual,Annual average index,Actual rentals for housing,Malta,2017,104.90,,
ESTAT:PRC_HICP_AIND(1.0),06/02/26 23:00:00,Annual,Annual average index,Actual rentals for housing,Malta,2018,106.67,,
ESTAT:PRC_HICP_AIND(1.0),06/02/26 23:00:00,Annual,Annual average index,Actual rentals for housing,Malta,2019,111.07,,
ESTAT:PRC_HICP_AIND(1.0),06/02/26 23:00:00,Annual,Annual average index,Actual rentals for housing,Malta,2020,115.56,,
ESTAT:PRC_HICP_AIND(1.0),06/02/26 23:00:00,Annual,Annual average index,Actual rentals for housing,Malta,2021,113.96,,
ESTAT:PRC_HICP_AIND(1.0),06/02/26 23:00:00,Annual,Annual average index,Actual rentals for housing,Malta,2022,120.06,,
ESTAT:PRC_HICP_AIND(1.0),06/02/26 23:00:00,Annual,Annual average index,Actual rentals for housing,Malta,2023,138.30,,
ESTAT:PRC_HICP_AIND(1.0),06/02/26 23:00:00,Annual,Annual average index,Actual rentals for housing,Malta,2024,150.59,,
ESTAT:PRC_HICP_AIND(1.0),06/02/26 23:00:00,Annual,Annual average index,Actual rentals for housing,Malta,2025,153.11,,
ESTAT:PRC_HICP_AIND(1.0),06/02/26 23:00:00,Annual,Annual average index,Actual rentals for housing,Netherlands,2015,100.00,,
ESTAT:PRC_HICP_AIND(1.0),06/02/26 23:00:00,Annual,Annual average index,Actual rentals for housing,Netherlands,2016,102.09,,
ESTAT:PRC_HICP_AIND(1.0),06/02/26 23:00:00,Annual,Annual average index,Actual rentals for housing,Netherlands,2017,103.93,,
ESTAT:PRC_HICP_AIND(1.0),06/02/26 23:00:00,Annual,Annual average index,Actual rentals for housing,Netherlands,2018,105.96,,
ESTAT:PRC_HICP_AIND(1.0),06/02/26 23:00:00,Annual,Annual average index,Actual rentals for housing,Netherlands,2019,108.55,,
ESTAT:PRC_HICP_AIND(1.0),06/02/26 23:00:00,Annual,Annual average index,Actual rentals for housing,Netherlands,2020,111.51,,
ESTAT:PRC_HICP_AIND(1.0),06/02/26 23:00:00,Annual,Annual average index,Actual rentals for housing,Netherlands,2021,113.57,,
ESTAT:PRC_HICP_AIND(1.0),06/02/26 23:00:00,Annual,Annual average index,Actual rentals for housing,Netherlands,2022,115.68,,
ESTAT:PRC_HICP_AIND(1.0),06/02/26 23:00:00,Annual,Annual average index,Actual rentals for housing,Netherlands,2023,118.53,,
ESTAT:PRC_HICP_AIND(1.0),06/02/26 23:00:00,Annual,Annual average index,Actual rentals for housing,Netherlands,2024,122.94,,
ESTAT:PRC_HICP_AIND(1.0),06/02/26 23:00:00,Annual,Annual average index,Actual rentals for housing,Netherlands,2025,129.27,,
ESTAT:PRC_HICP_AIND(1.0),06/02/26 23:00:00,Annual,Annual average index,Actual rentals for housing,Norway,2015,100.0,,
ESTAT:PRC_HICP_AIND(1.0),06/02/26 23:00:00,Annual,Annual average index,Actual rentals for housing,Norway,2016,101.9,,
ESTAT:PRC_HICP_AIND(1.0),06/02/26 23:00:00,Annual,Annual average index,Actual rentals for housing,Norway,2017,104.1,,
ESTAT:PRC_HICP_AIND(1.0),06/02/26 23:00:00,Annual,Annual average index,Actual rentals for housing,Norway,2018,105.9,,
ESTAT:PRC_HICP_AIND(1.0),06/02/26 23:00:00,Annual,Annual average index,Actual rentals for housing,Norway,2019,107.8,,
ESTAT:PRC_HICP_AIND(1.0),06/02/26 23:00:00,Annual,Annual average index,Actual rentals for housing,Norway,2020,109.4,,
ESTAT:PRC_HICP_AIND(1.0),06/02/26 23:00:00,Annual,Annual average index,Actual rentals for housing,Norway,2021,110.8,,
ESTAT:PRC_HICP_AIND(1.0),06/02/26 23:00:00,Annual,Annual average index,Actual rentals for housing,Norway,2022,113.2,,
ESTAT:PRC_HICP_AIND(1.0),06/02/26 23:00:00,Annual,Annual average index,Actual rentals for housing,Norway,2023,117.7,,
ESTAT:PRC_HICP_AIND(1.0),06/02/26 23:00:00,Annual,Annual average index,Actual rentals for housing,Norway,2024,122.9,,
ESTAT:PRC_HICP_AIND(1.0),06/02/26 23:00:00,Annual,Annual average index,Actual rentals for housing,Norway,2025,127.3,,
ESTAT:PRC_HICP_AIND(1.0),06/02/26 23:00:00,Annual,Annual average index,Actual rentals for housing,Poland,2015,100.0,,
ESTAT:PRC_HICP_AIND(1.0),06/02/26 23:00:00,Annual,Annual average index,Actual rentals for housing,Poland,2016,101.3,,
ESTAT:PRC_HICP_AIND(1.0),06/02/26 23:00:00,Annual,Annual average index,Actual rentals for housing,Poland,2017,104.4,,
ESTAT:PRC_HICP_AIND(1.0),06/02/26 23:00:00,Annual,Annual average index,Actual rentals for housing,Poland,2018,108.3,,
ESTAT:PRC_HICP_AIND(1.0),06/02/26 23:00:00,Annual,Annual average index,Actual rentals for housing,Poland,2019,113.6,,
ESTAT:PRC_HICP_AIND(1.0),06/02/26 23:00:00,Annual,Annual average index,Actual rentals for housing,Poland,2020,119.7,,
ESTAT:PRC_HICP_AIND(1.0),06/02/26 23:00:00,Annual,Annual average index,Actual rentals for housing,Poland,2021,124.3,,
ESTAT:PRC_HICP_AIND(1.0),06/02/26 23:00:00,Annual,Annual average index,Actual rentals for housing,Poland,2022,142.0,,
ESTAT:PRC_HICP_AIND(1.0),06/02/26 23:00:00,Annual,Annual average index,Actual rentals for housing,Poland,2023,158.4,,
ESTAT:PRC_HICP_AIND(1.0),06/02/26 23:00:00,Annual,Annual average index,Actual rentals for housing,Poland,2024,166.4,,
ESTAT:PRC_HICP_AIND(1.0),06/02/26 23:00:00,Annual,Annual average index,Actual rentals for housing,Poland,2025,173.7,,
ESTAT:PRC_HICP_AIND(1.0),06/02/26 23:00:00,Annual,Annual average index,Actual rentals for housing,Portugal,2015,100.00,,
ESTAT:PRC_HICP_AIND(1.0),06/02/26 23:00:00,Annual,Annual average index,Actual rentals for housing,Portugal,2016,101.71,,
ESTAT:PRC_HICP_AIND(1.0),06/02/26 23:00:00,Annual,Annual average index,Actual rentals for housing,Portugal,2017,102.72,,
ESTAT:PRC_HICP_AIND(1.0),06/02/26 23:00:00,Annual,Annual average index,Actual rentals for housing,Portugal,2018,104.66,,
ESTAT:PRC_HICP_AIND(1.0),06/02/26 23:00:00,Annual,Annual average index,Actual rentals for housing,Portugal,2019,107.97,,
ESTAT:PRC_HICP_AIND(1.0),06/02/26 23:00:00,Annual,Annual average index,Actual rentals for housing,Portugal,2020,110.76,,
ESTAT:PRC_HICP_AIND(1.0),06/02/26 23:00:00,Annual,Annual average index,Actual rentals for housing,Portugal,2021,112.76,,
ESTAT:PRC_HICP_AIND(1.0),06/02/26 23:00:00,Annual,Annual average index,Actual rentals for housing,Portugal,2022,115.79,,
ESTAT:PRC_HICP_AIND(1.0),06/02/26 23:00:00,Annual,Annual average index,Actual rentals for housing,Portugal,2023,121.05,,
ESTAT:PRC_HICP_AIND(1.0),06/02/26 23:00:00,Annual,Annual average index,Actual rentals for housing,Portugal,2024,129.50,,
ESTAT:PRC_HICP_AIND(1.0),06/02/26 23:00:00,Annual,Annual average index,Actual rentals for housing,Portugal,2025,136.37,,
ESTAT:PRC_HICP_AIND(1.0),06/02/26 23:00:00,Annual,Annual average index,Actual rentals for housing,Romania,2015,100.00,,
ESTAT:PRC_HICP_AIND(1.0),06/02/26 23:00:00,Annual,Annual average index,Actual rentals for housing,Romania,2016,100.87,,
ESTAT:PRC_HICP_AIND(1.0),06/02/26 23:00:00,Annual,Annual average index,Actual rentals for housing,Romania,2017,102.42,,
ESTAT:PRC_HICP_AIND(1.0),06/02/26 23:00:00,Annual,Annual average index,Actual rentals for housing,Romania,2018,104.94,,
ESTAT:PRC_HICP_AIND(1.0),06/02/26 23:00:00,Annual,Annual average index,Actual rentals for housing,Romania,2019,107.70,,
ESTAT:PRC_HICP_AIND(1.0),06/02/26 23:00:00,Annual,Annual average index,Actual rentals for housing,Romania,2020,110.13,,
ESTAT:PRC_HICP_AIND(1.0),06/02/26 23:00:00,Annual,Annual average index,Actual rentals for housing,Romania,2021,112.93,,
ESTAT:PRC_HICP_AIND(1.0),06/02/26 23:00:00,Annual,Annual average index,Actual rentals for housing,Romania,2022,118.48,,
ESTAT:PRC_HICP_AIND(1.0),06/02/26 23:00:00,Annual,Annual average index,Actual rentals for housing,Romania,2023,130.16,,
ESTAT:PRC_HICP_AIND(1.0),06/02/26 23:00:00,Annual,Annual average index,Actual rentals for housing,Romania,2024,144.59,,
ESTAT:PRC_HICP_AIND(1.0),06/02/26 23:00:00,Annual,Annual average index,Actual rentals for housing,Romania,2025,156.46,,
ESTAT:PRC_HICP_AIND(1.0),06/02/26 23:00:00,Annual,Annual average index,Actual rentals for housing,Serbia,2015,100.0,d,
ESTAT:PRC_HICP_AIND(1.0),06/02/26 23:00:00,Annual,Annual average index,Actual rentals for housing,Serbia,2016,101.7,d,
ESTAT:PRC_HICP_AIND(1.0),06/02/26 23:00:00,Annual,Annual average index,Actual rentals for housing,Serbia,2017,100.2,d,
ESTAT:PRC_HICP_AIND(1.0),06/02/26 23:00:00,Annual,Annual average index,Actual rentals for housing,Serbia,2018,101.3,d,
ESTAT:PRC_HICP_AIND(1.0),06/02/26 23:00:00,Annual,Annual average index,Actual rentals for housing,Serbia,2019,105.6,d,
ESTAT:PRC_HICP_AIND(1.0),06/02/26 23:00:00,Annual,Annual average index,Actual rentals for housing,Serbia,2020,107.5,d,
ESTAT:PRC_HICP_AIND(1.0),06/02/26 23:00:00,Annual,Annual average index,Actual rentals for housing,Serbia,2021,110.4,d,
ESTAT:PRC_HICP_AIND(1.0),06/02/26 23:00:00,Annual,Annual average index,Actual rentals for housing,Serbia,2022,130.9,d,
ESTAT:PRC_HICP_AIND(1.0),06/02/26 23:00:00,Annual,Annual average index,Actual rentals for housing,Serbia,2023,153.9,d,
ESTAT:PRC_HICP_AIND(1.0),06/02/26 23:00:00,Annual,Annual average index,Actual rentals for housing,Serbia,2024,167.7,d,
ESTAT:PRC_HICP_AIND(1.0),06/02/26 23:00:00,Annual,Annual average index,Actual rentals for housing,Serbia,2025,178.4,d,
ESTAT:PRC_HICP_AIND(1.0),06/02/26 23:00:00,Annual,Annual average index,Actual rentals for housing,Sweden,2015,100.00,,
ESTAT:PRC_HICP_AIND(1.0),06/02/26 23:00:00,Annual,Annual average index,Actual rentals for housing,Sweden,2016,100.88,,
ESTAT:PRC_HICP_AIND(1.0),06/02/26 23:00:00,Annual,Annual average index,Actual rentals for housing,Sweden,2017,101.73,,
ESTAT:PRC_HICP_AIND(1.0),06/02/26 23:00:00,Annual,Annual average index,Actual rentals for housing,Sweden,2018,102.82,,
ESTAT:PRC_HICP_AIND(1.0),06/02/26 23:00:00,Annual,Annual average index,Actual rentals for housing,Sweden,2019,104.69,,
ESTAT:PRC_HICP_AIND(1.0),06/02/26 23:00:00,Annual,Annual average index,Actual rentals for housing,Sweden,2020,106.61,,
ESTAT:PRC_HICP_AIND(1.0),06/02/26 23:00:00,Annual,Annual average index,Actual rentals for housing,Sweden,2021,108.16,,
ESTAT:PRC_HICP_AIND(1.0),06/02/26 23:00:00,Annual,Annual average index,Actual rentals for housing,Sweden,2022,110.08,,
ESTAT:PRC_HICP_AIND(1.0),06/02/26 23:00:00,Annual,Annual average index,Actual rentals for housing,Sweden,2023,113.80,,
ESTAT:PRC_HICP_AIND(1.0),06/02/26 23:00:00,Annual,Annual average index,Actual rentals for housing,Sweden,2024,119.18,,
ESTAT:PRC_HICP_AIND(1.0),06/02/26 23:00:00,Annual,Annual average index,Actual rentals for housing,Sweden,2025,125.44,,
ESTAT:PRC_HICP_AIND(1.0),06/02/26 23:00:00,Annual,Annual average index,Actual rentals for housing,Slovenia,2015,100.00,,
ESTAT:PRC_HICP_AIND(1.0),06/02/26 23:00:00,Annual,Annual average index,Actual rentals for housing,Slovenia,2016,101.63,,
ESTAT:PRC_HICP_AIND(1.0),06/02/26 23:00:00,Annual,Annual average index,Actual rentals for housing,Slovenia,2017,107.02,,
ESTAT:PRC_HICP_AIND(1.0),06/02/26 23:00:00,Annual,Annual average index,Actual rentals for housing,Slovenia,2018,113.70,,
ESTAT:PRC_HICP_AIND(1.0),06/02/26 23:00:00,Annual,Annual average index,Actual rentals for housing,Slovenia,2019,118.50,,
ESTAT:PRC_HICP_AIND(1.0),06/02/26 23:00:00,Annual,Annual average index,Actual rentals for housing,Slovenia,2020,115.80,,
ESTAT:PRC_HICP_AIND(1.0),06/02/26 23:00:00,Annual,Annual average index,Actual rentals for housing,Slovenia,2021,120.03,,
ESTAT:PRC_HICP_AIND(1.0),06/02/26 23:00:00,Annual,Annual average index,Actual rentals for housing,Slovenia,2022,142.79,,
ESTAT:PRC_HICP_AIND(1.0),06/02/26 23:00:00,Annual,Annual average index,Actual rentals for housing,Slovenia,2023,160.42,,
ESTAT:PRC_HICP_AIND(1.0),06/02/26 23:00:00,Annual,Annual average index,Actual rentals for housing,Slovenia,2024,170.51,,
ESTAT:PRC_HICP_AIND(1.0),06/02/26 23:00:00,Annual,Annual average index,Actual rentals for housing,Slovenia,2025,173.83,,
ESTAT:PRC_HICP_AIND(1.0),06/02/26 23:00:00,Annual,Annual average index,Actual rentals for housing,Slovakia,2015,100.00,,
ESTAT:PRC_HICP_AIND(1.0),06/02/26 23:00:00,Annual,Annual average index,Actual rentals for housing,Slovakia,2016,100.24,,
ESTAT:PRC_HICP_AIND(1.0),06/02/26 23:00:00,Annual,Annual average index,Actual rentals for housing,Slovakia,2017,100.54,,
ESTAT:PRC_HICP_AIND(1.0),06/02/26 23:00:00,Annual,Annual average index,Actual rentals for housing,Slovakia,2018,100.85,,
ESTAT:PRC_HICP_AIND(1.0),06/02/26 23:00:00,Annual,Annual average index,Actual rentals for housing,Slovakia,2019,101.42,,
ESTAT:PRC_HICP_AIND(1.0),06/02/26 23:00:00,Annual,Annual average index,Actual rentals for housing,Slovakia,2020,102.96,,
ESTAT:PRC_HICP_AIND(1.0),06/02/26 23:00:00,Annual,Annual average index,Actual rentals for housing,Slovakia,2021,103.86,,
ESTAT:PRC_HICP_AIND(1.0),06/02/26 23:00:00,Annual,Annual average index,Actual rentals for housing,Slovakia,2022,108.15,,
ESTAT:PRC_HICP_AIND(1.0),06/02/26 23:00:00,Annual,Annual average index,Actual rentals for housing,Slovakia,2023,113.91,,
ESTAT:PRC_HICP_AIND(1.0),06/02/26 23:00:00,Annual,Annual average index,Actual rentals for housing,Slovakia,2024,121.34,,
ESTAT:PRC_HICP_AIND(1.0),06/02/26 23:00:00,Annual,Annual average index,Actual rentals for housing,Slovakia,2025,127.53,,
ESTAT:PRC_HICP_AIND(1.0),06/02/26 23:00:00,Annual,Annual average index,Actual rentals for housing,Türkiye,2015,100.00,d,
ESTAT:PRC_HICP_AIND(1.0),06/02/26 23:00:00,Annual,Annual average index,Actual rentals for housing,Türkiye,2016,108.67,d,
ESTAT:PRC_HICP_AIND(1.0),06/02/26 23:00:00,Annual,Annual average index,Actual rentals for housing,Türkiye,2017,118.59,d,
ESTAT:PRC_HICP_AIND(1.0),06/02/26 23:00:00,Annual,Annual average index,Actual rentals for housing,Türkiye,2018,130.05,d,
ESTAT:PRC_HICP_AIND(1.0),06/02/26 23:00:00,Annual,Annual average index,Actual rentals for housing,Türkiye,2019,143.19,d,
ESTAT:PRC_HICP_AIND(1.0),06/02/26 23:00:00,Annual,Annual average index,Actual rentals for housing,Türkiye,2020,156.58,d,
ESTAT:PRC_HICP_AIND(1.0),06/02/26 23:00:00,Annual,Annual average index,Actual rentals for housing,Türkiye,2021,172.63,d,
ESTAT:PRC_HICP_AIND(1.0),06/02/26 23:00:00,Annual,Annual average index,Actual rentals for housing,Türkiye,2022,221.23,d,
ESTAT:PRC_HICP_AIND(1.0),06/02/26 23:00:00,Annual,Annual average index,Actual rentals for housing,Türkiye,2023,405.05,d,
ESTAT:PRC_HICP_AIND(1.0),06/02/26 23:00:00,Annual,Annual average index,Actual rentals for housing,Türkiye,2024,879.78,d,
ESTAT:PRC_HICP_AIND(1.0),06/02/26 23:00:00,Annual,Annual average index,Actual rentals for housing,Türkiye,2025,1562.07,d,
ESTAT:PRC_HICP_AIND(1.0),06/02/26 23:00:00,Annual,Annual average index,Actual rentals for housing,United Kingdom,2015,100.0,,
ESTAT:PRC_HICP_AIND(1.0),06/02/26 23:00:00,Annual,Annual average index,Actual rentals for housing,United Kingdom,2016,101.8,,
ESTAT:PRC_HICP_AIND(1.0),06/02/26 23:00:00,Annual,Annual average index,Actual rentals for housing,United Kingdom,2017,102.7,,
ESTAT:PRC_HICP_AIND(1.0),06/02/26 23:00:00,Annual,Annual average index,Actual rentals for housing,United Kingdom,2018,103.2,,
ESTAT:PRC_HICP_AIND(1.0),06/02/26 23:00:00,Annual,Annual average index,Actual rentals for housing,United Kingdom,2019,103.9,,
