DATAFLOW,LAST UPDATE,freq,wstatus,age,unit,geo,TIME_PERIOD,OBS_VALUE,OBS_FLAG,CONF_STATUS
ESTAT:ILC_LVPS09(1.0),06/03/26 11:00:00,Annual,Employed persons working full-time,From 25 to 34 years,Percentage,Albania,2017,62.0,,
ESTAT:ILC_LVPS09(1.0),06/03/26 11:00:00,Annual,Employed persons working full-time,From 25 to 34 years,Percentage,Albania,2018,63.7,,
ESTAT:ILC_LVPS09(1.0),06/03/26 11:00:00,Annual,Employed persons working full-time,From 25 to 34 years,Percentage,Albania,2019,61.2,,
ESTAT:ILC_LVPS09(1.0),06/03/26 11:00:00,Annual,Employed persons working full-time,From 25 to 34 years,Percentage,Albania,2020,62.4,,
ESTAT:ILC_LVPS09(1.0),06/03/26 11:00:00,Annual,Employed persons working full-time,From 25 to 34 years,Percentage,Albania,2021,60.8,,
ESTAT:ILC_LVPS09(1.0),06/03/26 11:00:00,Annual,Employed persons working full-time,From 25 to 34 years,Percentage,Albania,2022,65.8,,
ESTAT:ILC_LVPS09(1.0),06/03/26 11:00:00,Annual,Employed persons working full-time,From 25 to 34 years,Percentage,Albania,2023,67.5,,
ESTAT:ILC_LVPS09(1.0),06/03/26 11:00:00,Annual,Employed persons working full-time,From 25 to 34 years,Percentage,Austria,2015,66.0,,
ESTAT:ILC_LVPS09(1.0),06/03/26 11:00:00,Annual,Employed persons working full-time,From 25 to 34 years,Percentage,Austria,2016,66.5,,
ESTAT:ILC_LVPS09(1.0),06/03/26 11:00:00,Annual,Employed persons working full-time,From 25 to 34 years,Percentage,Austria,2017,66.6,,
ESTAT:ILC_LVPS09(1.0),06/03/26 11:00:00,Annual,Employed persons working full-time,From 25 to 34 years,Percentage,Austria,2018,62.9,,
ESTAT:ILC_LVPS09(1.0),06/03/26 11:00:00,Annual,Employed persons working full-time,From 25 to 34 years,Percentage,Austria,2019,60.8,,
ESTAT:ILC_LVPS09(1.0),06/03/26 11:00:00,Annual,Employed persons working full-time,From 25 to 34 years,Percentage,Austria,2020,63.0,,
ESTAT:ILC_LVPS09(1.0),06/03/26 11:00:00,Annual,Employed persons working full-time,From 25 to 34 years,Percentage,Austria,2021,58.0,,
ESTAT:ILC_LVPS09(1.0),06/03/26 11:00:00,Annual,Employed persons working full-time,From 25 to 34 years,Percentage,Austria,2022,66.8,,
ESTAT:ILC_LVPS09(1.0),06/03/26 11:00:00,Annual,Employed persons working full-time,From 25 to 34 years,Percentage,Austria,2023,64.8,,
ESTAT:ILC_LVPS09(1.0),06/03/26 11:00:00,Annual,Employed persons working full-time,From 25 to 34 years,Percentage,Austria,2024,67.6,,
ESTAT:ILC_LVPS09(1.0),06/03/26 11:00:00,Annual,Employed persons working full-time,From 25 to 34 years,Percentage,Belgium,2015,51.1,,
ESTAT:ILC_LVPS09(1.0),06/03/26 11:00:00,Annual,Employed persons working full-time,From 25 to 34 years,Percentage,Belgium,2016,57.1,,
ESTAT:ILC_LVPS09(1.0),06/03/26 11:00:00,Annual,Employed persons working full-time,From 25 to 34 years,Percentage,Belgium,2017,55.2,,
ESTAT:ILC_LVPS09(1.0),06/03/26 11:00:00,Annual,Employed persons working full-time,From 25 to 34 years,Percentage,Belgium,2018,63.2,,
ESTAT:ILC_LVPS09(1.0),06/03/26 11:00:00,Annual,Employed persons working full-time,From 25 to 34 years,Percentage,Belgium,2019,58.8,b,
ESTAT:ILC_LVPS09(1.0),06/03/26 11:00:00,Annual,Employed persons working full-time,From 25 to 34 years,Percentage,Belgium,2020,59.0,,
ESTAT:ILC_LVPS09(1.0),06/03/26 11:00:00,Annual,Employed persons working full-time,From 25 to 34 years,Percentage,Belgium,2021,60.1,,
ESTAT:ILC_LVPS09(1.0),06/03/26 11:00:00,Annual,Employed persons working full-time,From 25 to 34 years,Percentage,Belgium,2022,48.6,,
ESTAT:ILC_LVPS09(1.0),06/03/26 11:00:00,Annual,Employed persons working full-time,From 25 to 34 years,Percentage,Belgium,2023,50.4,,
ESTAT:ILC_LVPS09(1.0),06/03/26 11:00:00,Annual,Employed persons working full-time,From 25 to 34 years,Percentage,Belgium,2024,52.7,,
ESTAT:ILC_LVPS09(1.0),06/03/26 11:00:00,Annual,Employed persons working full-time,From 25 to 34 years,Percentage,Belgium,2025,53.0,,
ESTAT:ILC_LVPS09(1.0),06/03/26 11:00:00,Annual,Employed persons working full-time,From 25 to 34 years,Percentage,Bulgaria,2015,66.4,,
ESTAT:ILC_LVPS09(1.0),06/03/26 11:00:00,Annual,Employed persons working full-time,From 25 to 34 years,Percentage,Bulgaria,2016,67.6,b,
ESTAT:ILC_LVPS09(1.0),06/03/26 11:00:00,Annual,Employed persons working full-time,From 25 to 34 years,Percentage,Bulgaria,2017,71.0,,
ESTAT:ILC_LVPS09(1.0),06/03/26 11:00:00,Annual,Employed persons working full-time,From 25 to 34 years,Percentage,Bulgaria,2018,72.8,,
ESTAT:ILC_LVPS09(1.0),06/03/26 11:00:00,Annual,Employed persons working full-time,From 25 to 34 years,Percentage,Bulgaria,2019,74.2,,
ESTAT:ILC_LVPS09(1.0),06/03/26 11:00:00,Annual,Employed persons working full-time,From 25 to 34 years,Percentage,Bulgaria,2020,71.3,,
ESTAT:ILC_LVPS09(1.0),06/03/26 11:00:00,Annual,Employed persons working full-time,From 25 to 34 years,Percentage,Bulgaria,2021,71.6,,
ESTAT:ILC_LVPS09(1.0),06/03/26 11:00:00,Annual,Employed persons working full-time,From 25 to 34 years,Percentage,Bulgaria,2022,72.3,,
ESTAT:ILC_LVPS09(1.0),06/03/26 11:00:00,Annual,Employed persons working full-time,From 25 to 34 years,Percentage,Bulgaria,2023,74.8,,
ESTAT:ILC_LVPS09(1.0),06/03/26 11:00:00,Annual,Employed persons working full-time,From 25 to 34 years,Percentage,Bulgaria,2024,72.5,,
ESTAT:ILC_LVPS09(1.0),06/03/26 11:00:00,Annual,Employed persons working full-time,From 25 to 34 years,Percentage,Bulgaria,2025,73.5,,
ESTAT:ILC_LVPS09(1.0),06/03/26 11:00:00,Annual,Employed persons working full-time,From 25 to 34 years,Percentage,Switzerland,2015,49.0,,
ESTAT:ILC_LVPS09(1.0),06/03/26 11:00:00,Annual,Employed persons working full-time,From 25 to 34 years,Percentage,Switzerland,2016,51.0,,
ESTAT:ILC_LVPS09(1.0),06/03/26 11:00:00,Annual,Employed persons working full-time,From 25 to 34 years,Percentage,Switzerland,2017,57.0,,
ESTAT:ILC_LVPS09(1.0),06/03/26 11:00:00,Annual,Employed persons working full-time,From 25 to 34 years,Percentage,Switzerland,2018,49.8,,
ESTAT:ILC_LVPS09(1.0),06/03/26 11:00:00,Annual,Employed persons working full-time,From 25 to 34 years,Percentage,Switzerland,2019,55.7,,
ESTAT:ILC_LVPS09(1.0),06/03/26 11:00:00,Annual,Employed persons working full-time,From 25 to 34 years,Percentage,Switzerland,2020,49.7,,
ESTAT:ILC_LVPS09(1.0),06/03/26 11:00:00,Annual,Employed persons working full-time,From 25 to 34 years,Percentage,Switzerland,2021,48.3,,
ESTAT:ILC_LVPS09(1.0),06/03/26 11:00:00,Annual,Employed persons working full-time,From 25 to 34 years,Percentage,Switzerland,2022,53.1,,
ESTAT:ILC_LVPS09(1.0),06/03/26 11:00:00,Annual,Employed persons working full-time,From 25 to 34 years,Percentage,Switzerland,2023,57.7,,
ESTAT:ILC_LVPS09(1.0),06/03/26 11:00:00,Annual,Employed persons working full-time,From 25 to 34 years,Percentage,Switzerland,2024,56.0,,
ESTAT:ILC_LVPS09(1.0),06/03/26 11:00:00,Annual,Employed persons working full-time,From 25 to 34 years,Percentage,Cyprus,2015,48.4,,
ESTAT:ILC_LVPS09(1.0),06/03/26 11:00:00,Annual,Employed persons working full-time,From 25 to 34 years,Percentage,Cyprus,2016,48.6,,
ESTAT:ILC_LVPS09(1.0),06/03/26 11:00:00,Annual,Employed persons working full-time,From 25 to 34 years,Percentage,Cyprus,2017,57.5,,
ESTAT:ILC_LVPS09(1.0),06/03/26 11:00:00,Annual,Employed persons working full-time,From 25 to 34 years,Percentage,Cyprus,2018,67.0,,
ESTAT:ILC_LVPS09(1.0),06/03/26 11:00:00,Annual,Employed persons working full-time,From 25 to 34 years,Percentage,Cyprus,2019,72.5,,
ESTAT:ILC_LVPS09(1.0),06/03/26 11:00:00,Annual,Employed persons working full-time,From 25 to 34 years,Percentage,Cyprus,2020,68.9,,
ESTAT:ILC_LVPS09(1.0),06/03/26 11:00:00,Annual,Employed persons working full-time,From 25 to 34 years,Percentage,Cyprus,2021,68.0,,
ESTAT:ILC_LVPS09(1.0),06/03/26 11:00:00,Annual,Employed persons working full-time,From 25 to 34 years,Percentage,Cyprus,2022,74.2,,
ESTAT:ILC_LVPS09(1.0),06/03/26 11:00:00,Annual,Employed persons working full-time,From 25 to 34 years,Percentage,Cyprus,2023,73.2,,
ESTAT:ILC_LVPS09(1.0),06/03/26 11:00:00,Annual,Employed persons working full-time,From 25 to 34 years,Percentage,Cyprus,2024,68.0,,
ESTAT:ILC_LVPS09(1.0),06/03/26 11:00:00,Annual,Employed persons working full-time,From 25 to 34 years,Percentage,Czechia,2015,70.1,,
ESTAT:ILC_LVPS09(1.0),06/03/26 11:00:00,Annual,Employed persons working full-time,From 25 to 34 years,Percentage,Czechia,2016,72.6,,
ESTAT:ILC_LVPS09(1.0),06/03/26 11:00:00,Annual,Employed persons working full-time,From 25 to 34 years,Percentage,Czechia,2017,74.7,,
ESTAT:ILC_LVPS09(1.0),06/03/26 11:00:00,Annual,Employed persons working full-time,From 25 to 34 years,Percentage,Czechia,2018,76.7,,
ESTAT:ILC_LVPS09(1.0),06/03/26 11:00:00,Annual,Employed persons working full-time,From 25 to 34 years,Percentage,Czechia,2019,74.0,,
ESTAT:ILC_LVPS09(1.0),06/03/26 11:00:00,Annual,Employed persons working full-time,From 25 to 34 years,Percentage,Czechia,2020,73.4,,
ESTAT:ILC_LVPS09(1.0),06/03/26 11:00:00,Annual,Employed persons working full-time,From 25 to 34 years,Percentage,Czechia,2021,78.2,,
ESTAT:ILC_LVPS09(1.0),06/03/26 11:00:00,Annual,Employed persons working full-time,From 25 to 34 years,Percentage,Czechia,2022,80.8,,
ESTAT:ILC_LVPS09(1.0),06/03/26 11:00:00,Annual,Employed persons working full-time,From 25 to 34 years,Percentage,Czechia,2023,77.8,,
ESTAT:ILC_LVPS09(1.0),06/03/26 11:00:00,Annual,Employed persons working full-time,From 25 to 34 years,Percentage,Czechia,2024,74.4,,
ESTAT:ILC_LVPS09(1.0),06/03/26 11:00:00,Annual,Employed persons working full-time,From 25 to 34 years,Percentage,Czechia,2025,71.8,,
ESTAT:ILC_LVPS09(1.0),06/03/26 11:00:00,Annual,Employed persons working full-time,From 25 to 34 years,Percentage,Germany,2015,54.8,,
ESTAT:ILC_LVPS09(1.0),06/03/26 11:00:00,Annual,Employed persons working full-time,From 25 to 34 years,Percentage,Germany,2016,52.6,,
ESTAT:ILC_LVPS09(1.0),06/03/26 11:00:00,Annual,Employed persons working full-time,From 25 to 34 years,Percentage,Germany,2017,58.1,,
ESTAT:ILC_LVPS09(1.0),06/03/26 11:00:00,Annual,Employed persons working full-time,From 25 to 34 years,Percentage,Germany,2018,55.7,,
ESTAT:ILC_LVPS09(1.0),06/03/26 11:00:00,Annual,Employed persons working full-time,From 25 to 34 years,Percentage,Germany,2019,56.4,,
ESTAT:ILC_LVPS09(1.0),06/03/26 11:00:00,Annual,Employed persons working full-time,From 25 to 34 years,Percentage,Germany,2020,54.8,b,
ESTAT:ILC_LVPS09(1.0),06/03/26 11:00:00,Annual,Employed persons working full-time,From 25 to 34 years,Percentage,Germany,2021,56.9,,
ESTAT:ILC_LVPS09(1.0),06/03/26 11:00:00,Annual,Employed persons working full-time,From 25 to 34 years,Percentage,Germany,2022,55.7,,
ESTAT:ILC_LVPS09(1.0),06/03/26 11:00:00,Annual,Employed persons working full-time,From 25 to 34 years,Percentage,Germany,2023,53.7,,
ESTAT:ILC_LVPS09(1.0),06/03/26 11:00:00,Annual,Employed persons working full-time,From 25 to 34 years,Percentage,Germany,2024,57.7,,
ESTAT:ILC_LVPS09(1.0),06/03/26 11:00:00,Annual,Employed persons working full-time,From 25 to 34 years,Percentage,Germany,2025,56.5,,
ESTAT:ILC_LVPS09(1.0),06/03/26 11:00:00,Annual,Employed persons working full-time,From 25 to 34 years,Percentage,Denmark,2015,53.7,,
ESTAT:ILC_LVPS09(1.0),06/03/26 11:00:00,Annual,Employed persons working full-time,From 25 to 34 years,Percentage,Denmark,2016,56.2,,
ESTAT:ILC_LVPS09(1.0),06/03/26 11:00:00,Annual,Employed persons working full-time,From 25 to 34 years,Percentage,Denmark,2017,53.2,,
ESTAT:ILC_LVPS09(1.0),06/03/26 11:00:00,Annual,Employed persons working full-time,From 25 to 34 years,Percentage,Denmark,2018,64.7,,
ESTAT:ILC_LVPS09(1.0),06/03/26 11:00:00,Annual,Employed persons working full-time,From 25 to 34 years,Percentage,Denmark,2019,56.2,,
ESTAT:ILC_LVPS09(1.0),06/03/26 11:00:00,Annual,Employed persons working full-time,From 25 to 34 years,Percentage,Denmark,2020,53.7,,
ESTAT:ILC_LVPS09(1.0),06/03/26 11:00:00,Annual,Employed persons working full-time,From 25 to 34 years,Percentage,Denmark,2021,54.5,,
ESTAT:ILC_LVPS09(1.0),06/03/26 11:00:00,Annual,Employed persons working full-time,From 25 to 34 years,Percentage,Denmark,2022,59.1,,
ESTAT:ILC_LVPS09(1.0),06/03/26 11:00:00,Annual,Employed persons working full-time,From 25 to 34 years,Percentage,Denmark,2023,48.6,,
ESTAT:ILC_LVPS09(1.0),06/03/26 11:00:00,Annual,Employed persons working full-time,From 25 to 34 years,Percentage,Denmark,2024,48.8,,
ESTAT:ILC_LVPS09(1.0),06/03/26 11:00:00,Annual,Employed persons working full-time,From 25 to 34 years,Percentage,Estonia,2015,64.2,,
ESTAT:ILC_LVPS09(1.0),06/03/26 11:00:00,Annual,Employed persons working full-time,From 25 to 34 years,Percentage,Estonia,2016,63.3,,
ESTAT:ILC_LVPS09(1.0),06/03/26 11:00:00,Annual,Employed persons working full-time,From 25 to 34 years,Percentage,Estonia,2017,65.5,,
ESTAT:ILC_LVPS09(1.0),06/03/26 11:00:00,Annual,Employed persons working full-time,From 25 to 34 years,Percentage,Estonia,2018,70.4,,
ESTAT:ILC_LVPS09(1.0),06/03/26 11:00:00,Annual,Employed persons working full-time,From 25 to 34 years,Percentage,Estonia,2019,70.5,,
ESTAT:ILC_LVPS09(1.0),06/03/26 11:00:00,Annual,Employed persons working full-time,From 25 to 34 years,Percentage,Estonia,2020,61.5,,
ESTAT:ILC_LVPS09(1.0),06/03/26 11:00:00,Annual,Employed persons working full-time,From 25 to 34 years,Percentage,Estonia,2021,59.7,,
ESTAT:ILC_LVPS09(1.0),06/03/26 11:00:00,Annual,Employed persons working full-time,From 25 to 34 years,Percentage,Estonia,2022,63.1,,
ESTAT:ILC_LVPS09(1.0),06/03/26 11:00:00,Annual,Employed persons working full-time,From 25 to 34 years,Percentage,Estonia,2023,57.7,,
ESTAT:ILC_LVPS09(1.0),06/03/26 11:00:00,Annual,Employed persons working full-time,From 25 to 34 years,Percentage,Estonia,2024,53.2,,
ESTAT:ILC_LVPS09(1.0),06/03/26 11:00:00,Annual,Employed persons working full-time,From 25 to 34 years,Percentage,Estonia,2025,51.3,,
ESTAT:ILC_LVPS09(1.0),06/03/26 11:00:00,Annual,Employed persons working full-time,From 25 to 34 years,Percentage,Greece,2015,42.2,,
ESTAT:ILC_LVPS09(1.0),06/03/26 11:00:00,Annual,Employed persons working full-time,From 25 to 34 years,Percentage,Greece,2016,42.2,,
ESTAT:ILC_LVPS09(1.0),06/03/26 11:00:00,Annual,Employed persons working full-time,From 25 to 34 years,Percentage,Greece,2017,44.9,,
ESTAT:ILC_LVPS09(1.0),06/03/26 11:00:00,Annual,Employed persons working full-time,From 25 to 34 years,Percentage,Greece,2018,49.6,,
ESTAT:ILC_LVPS09(1.0),06/03/26 11:00:00,Annual,Employed persons working full-time,From 25 to 34 years,Percentage,Greece,2019,51.7,,
ESTAT:ILC_LVPS09(1.0),06/03/26 11:00:00,Annual,Employed persons working full-time,From 25 to 34 years,Percentage,Greece,2020,50.3,,
ESTAT:ILC_LVPS09(1.0),06/03/26 11:00:00,Annual,Employed persons working full-time,From 25 to 34 years,Percentage,Greece,2021,50.9,,
ESTAT:ILC_LVPS09(1.0),06/03/26 11:00:00,Annual,Employed persons working full-time,From 25 to 34 years,Percentage,Greece,2022,56.8,,
ESTAT:ILC_LVPS09(1.0),06/03/26 11:00:00,Annual,Employed persons working full-time,From 25 to 34 years,Percentage,Greece,2023,59.7,,
ESTAT:ILC_LVPS09(1.0),06/03/26 11:00:00,Annual,Employed persons working full-time,From 25 to 34 years,Percentage,Greece,2024,59.9,,
ESTAT:ILC_LVPS09(1.0),06/03/26 11:00:00,Annual,Employed persons working full-time,From 25 to 34 years,Percentage,Spain,2015,41.2,,
ESTAT:ILC_LVPS09(1.0),06/03/26 11:00:00,Annual,Employed persons working full-time,From 25 to 34 years,Percentage,Spain,2016,45.2,,
ESTAT:ILC_LVPS09(1.0),06/03/26 11:00:00,Annual,Employed persons working full-time,From 25 to 34 years,Percentage,Spain,2017,45.1,,
ESTAT:ILC_LVPS09(1.0),06/03/26 11:00:00,Annual,Employed persons working full-time,From 25 to 34 years,Percentage,Spain,2018,50.8,,
ESTAT:ILC_LVPS09(1.0),06/03/26 11:00:00,Annual,Employed persons working full-time,From 25 to 34 years,Percentage,Spain,2019,54.5,,
ESTAT:ILC_LVPS09(1.0),06/03/26 11:00:00,Annual,Employed persons working full-time,From 25 to 34 years,Percentage,Spain,2020,48.6,,
ESTAT:ILC_LVPS09(1.0),06/03/26 11:00:00,Annual,Employed persons working full-time,From 25 to 34 years,Percentage,Spain,2021,50.6,,
ESTAT:ILC_LVPS09(1.0),06/03/26 11:00:00,Annual,Employed persons working full-time,From 25 to 34 years,Percentage,Spain,2022,50.8,,
ESTAT:ILC_LVPS09(1.0),06/03/26 11:00:00,Annual,Employed persons working full-time,From 25 to 34 years,Percentage,Spain,2023,51.4,,
ESTAT:ILC_LVPS09(1.0),06/03/26 11:00:00,Annual,Employed persons working full-time,From 25 to 34 years,Percentage,Spain,2024,53.7,,
ESTAT:ILC_LVPS09(1.0),06/03/26 11:00:00,Annual,Employed persons working full-time,From 25 to 34 years,Percentage,Spain,2025,52.1,,
ESTAT:ILC_LVPS09(1.0),06/03/26 11:00:00,Annual,Employed persons working full-time,From 25 to 34 years,Percentage,European Union - 27 countries (from 2020),2015,54.5,e,
ESTAT:ILC_LVPS09(1.0),06/03/26 11:00:00,Annual,Employed persons working full-time,From 25 to 34 years,Percentage,European Union - 27 countries (from 2020),2016,54.4,e,
ESTAT:ILC_LVPS09(1.0),06/03/26 11:00:00,Annual,Employed persons working full-time,From 25 to 34 years,Percentage,European Union - 27 countries (from 2020),2017,56.4,e,
ESTAT:ILC_LVPS09(1.0),06/03/26 11:00:00,Annual,Employed persons working full-time,From 25 to 34 years,Percentage,European Union - 27 countries (from 2020),2018,57.6,e,
ESTAT:ILC_LVPS09(1.0),06/03/26 11:00:00,Annual,Employed persons working full-time,From 25 to 34 years,Percentage,European Union - 27 countries (from 2020),2019,59.2,,
ESTAT:ILC_LVPS09(1.0),06/03/26 11:00:00,Annual,Employed persons working full-time,From 25 to 34 years,Percentage,European Union - 27 countries (from 2020),2020,57.2,,
ESTAT:ILC_LVPS09(1.0),06/03/26 11:00:00,Annual,Employed persons working full-time,From 25 to 34 years,Percentage,European Union - 27 countries (from 2020),2021,58.3,,
ESTAT:ILC_LVPS09(1.0),06/03/26 11:00:00,Annual,Employed persons working full-time,From 25 to 34 years,Percentage,European Union - 27 countries (from 2020),2022,59.6,,
ESTAT:ILC_LVPS09(1.0),06/03/26 11:00:00,Annual,Employed persons working full-time,From 25 to 34 years,Percentage,European Union - 27 countries (from 2020),2023,60.6,,
ESTAT:ILC_LVPS09(1.0),06/03/26 11:00:00,Annual,Employed persons working full-time,From 25 to 34 years,Percentage,European Union - 27 countries (from 2020),2024,60.4,,
ESTAT:ILC_LVPS09(1.0),06/03/26 11:00:00,Annual,Employed persons working full-time,From 25 to 34 years,Percentage,Finland,2015,44.3,,
ESTAT:ILC_LVPS09(1.0),06/03/26 11:00:00,Annual,Employed persons working full-time,From 25 to 34 years,Percentage,Finland,2016,43.9,,
ESTAT:ILC_LVPS09(1.0),06/03/26 11:00:00,Annual,Employed persons working full-time,From 25 to 34 years,Percentage,Finland,2017,43.4,,
ESTAT:ILC_LVPS09(1.0),06/03/26 11:00:00,Annual,Employed persons working full-time,From 25 to 34 years,Percentage,Finland,2018,49.5,,
ESTAT:ILC_LVPS09(1.0),06/03/26 11:00:00,Annual,Employed persons working full-time,From 25 to 34 years,Percentage,Finland,2019,43.5,,
ESTAT:ILC_LVPS09(1.0),06/03/26 11:00:00,Annual,Employed persons working full-time,From 25 to 34 years,Percentage,Finland,2020,55.1,,
ESTAT:ILC_LVPS09(1.0),06/03/26 11:00:00,Annual,Employed persons working full-time,From 25 to 34 years,Percentage,Finland,2021,52.8,,
ESTAT:ILC_LVPS09(1.0),06/03/26 11:00:00,Annual,Employed persons working full-time,From 25 to 34 years,Percentage,Finland,2022,42.4,,
ESTAT:ILC_LVPS09(1.0),06/03/26 11:00:00,Annual,Employed persons working full-time,From 25 to 34 years,Percentage,Finland,2023,49.3,,
ESTAT:ILC_LVPS09(1.0),06/03/26 11:00:00,Annual,Employed persons working full-time,From 25 to 34 years,Percentage,Finland,2024,42.2,,
ESTAT:ILC_LVPS09(1.0),06/03/26 11:00:00,Annual,Employed persons working full-time,From 25 to 34 years,Percentage,Finland,2025,39.9,,
ESTAT:ILC_LVPS09(1.0),06/03/26 11:00:00,Annual,Employed persons working full-time,From 25 to 34 years,Percentage,France,2015,52.8,,
ESTAT:ILC_LVPS09(1.0),06/03/26 11:00:00,Annual,Employed persons working full-time,From 25 to 34 years,Percentage,France,2016,44.2,,
ESTAT:ILC_LVPS09(1.0),06/03/26 11:00:00,Annual,Employed persons working full-time,From 25 to 34 years,Percentage,France,2017,46.3,,
ESTAT:ILC_LVPS09(1.0),06/03/26 11:00:00,Annual,Employed persons working full-time,From 25 to 34 years,Percentage,France,2018,54.1,,
ESTAT:ILC_LVPS09(1.0),06/03/26 11:00:00,Annual,Employed persons working full-time,From 25 to 34 years,Percentage,France,2019,48.7,,
ESTAT:ILC_LVPS09(1.0),06/03/26 11:00:00,Annual,Employed persons working full-time,From 25 to 34 years,Percentage,France,2020,51.7,b,
ESTAT:ILC_LVPS09(1.0),06/03/26 11:00:00,Annual,Employed persons working full-time,From 25 to 34 years,Percentage,France,2021,50.3,,
ESTAT:ILC_LVPS09(1.0),06/03/26 11:00:00,Annual,Employed persons working full-time,From 25 to 34 years,Percentage,France,2022,50.4,b,
ESTAT:ILC_LVPS09(1.0),06/03/26 11:00:00,Annual,Employed persons working full-time,From 25 to 34 years,Percentage,France,2023,55.0,,
ESTAT:ILC_LVPS09(1.0),06/03/26 11:00:00,Annual,Employed persons working full-time,From 25 to 34 years,Percentage,France,2024,55.5,,
ESTAT:ILC_LVPS09(1.0),06/03/26 11:00:00,Annual,Employed persons working full-time,From 25 to 34 years,Percentage,Croatia,2015,64.2,,
ESTAT:ILC_LVPS09(1.0),06/03/26 11:00:00,Annual,Employed persons working full-time,From 25 to 34 years,Percentage,Croatia,2016,62.8,,
ESTAT:ILC_LVPS09(1.0),06/03/26 11:00:00,Annual,Employed persons working full-time,From 25 to 34 years,Percentage,Croatia,2017,66.1,,
ESTAT:ILC_LVPS09(1.0),06/03/26 11:00:00,Annual,Employed persons working full-time,From 25 to 34 years,Percentage,Croatia,2018,70.4,,
ESTAT:ILC_LVPS09(1.0),06/03/26 11:00:00,Annual,Employed persons working full-time,From 25 to 34 years,Percentage,Croatia,2019,71.9,,
ESTAT:ILC_LVPS09(1.0),06/03/26 11:00:00,Annual,Employed persons working full-time,From 25 to 34 years,Percentage,Croatia,2020,67.8,,
ESTAT:ILC_LVPS09(1.0),06/03/26 11:00:00,Annual,Employed persons working full-time,From 25 to 34 years,Percentage,Croatia,2021,68.9,,
ESTAT:ILC_LVPS09(1.0),06/03/26 11:00:00,Annual,Employed persons working full-time,From 25 to 34 years,Percentage,Croatia,2022,74.1,,
ESTAT:ILC_LVPS09(1.0),06/03/26 11:00:00,Annual,Employed persons working full-time,From 25 to 34 years,Percentage,Croatia,2023,75.7,,
ESTAT:ILC_LVPS09(1.0),06/03/26 11:00:00,Annual,Employed persons working full-time,From 25 to 34 years,Percentage,Croatia,2024,80.9,,
ESTAT:ILC_LVPS09(1.0),06/03/26 11:00:00,Annual,Employed persons working full-time,From 25 to 34 years,Percentage,Hungary,2015,72.0,,
ESTAT:ILC_LVPS09(1.0),06/03/26 11:00:00,Annual,Employed persons working full-time,From 25 to 34 years,Percentage,Hungary,2016,70.7,,
ESTAT:ILC_LVPS09(1.0),06/03/26 11:00:00,Annual,Employed persons working full-time,From 25 to 34 years,Percentage,Hungary,2017,74.7,,
ESTAT:ILC_LVPS09(1.0),06/03/26 11:00:00,Annual,Employed persons working full-time,From 25 to 34 years,Percentage,Hungary,2018,74.3,,
ESTAT:ILC_LVPS09(1.0),06/03/26 11:00:00,Annual,Employed persons working full-time,From 25 to 34 years,Percentage,Hungary,2019,73.4,b,
ESTAT:ILC_LVPS09(1.0),06/03/26 11:00:00,Annual,Employed persons working full-time,From 25 to 34 years,Percentage,Hungary,2020,75.2,,
ESTAT:ILC_LVPS09(1.0),06/03/26 11:00:00,Annual,Employed persons working full-time,From 25 to 34 years,Percentage,Hungary,2021,68.8,,
ESTAT:ILC_LVPS09(1.0),06/03/26 11:00:00,Annual,Employed persons working full-time,From 25 to 34 years,Percentage,Hungary,2022,71.9,,
ESTAT:ILC_LVPS09(1.0),06/03/26 11:00:00,Annual,Employed persons working full-time,From 25 to 34 years,Percentage,Hungary,2023,74.1,,
ESTAT:ILC_LVPS09(1.0),06/03/26 11:00:00,Annual,Employed persons working full-time,From 25 to 34 years,Percentage,Hungary,2024,76.6,,
ESTAT:ILC_LVPS09(1.0),06/03/26 11:00:00,Annual,Employed persons working full-time,From 25 to 34 years,Percentage,Ireland,2015,48.2,,
ESTAT:ILC_LVPS09(1.0),06/03/26 11:00:00,Annual,Employed persons working full-time,From 25 to 34 years,Percentage,Ireland,2016,50.8,,
ESTAT:ILC_LVPS09(1.0),06/03/26 11:00:00,Annual,Employed persons working full-time,From 25 to 34 years,Percentage,Ireland,2017,60.2,,
ESTAT:ILC_LVPS09(1.0),06/03/26 11:00:00,Annual,Employed persons working full-time,From 25 to 34 years,Percentage,Ireland,2018,60.3,,
ESTAT:ILC_LVPS09(1.0),06/03/26 11:00:00,Annual,Employed persons working full-time,From 25 to 34 years,Percentage,Ireland,2019,66.3,b,
ESTAT:ILC_LVPS09(1.0),06/03/26 11:00:00,Annual,Employed persons working full-time,From 25 to 34 years,Percentage,Ireland,2020,61.4,b,
ESTAT:ILC_LVPS09(1.0),06/03/26 11:00:00,Annual,Employed persons working full-time,From 25 to 34 years,Percentage,Ireland,2021,62.4,,
ESTAT:ILC_LVPS09(1.0),06/03/26 11:00:00,Annual,Employed persons working full-time,From 25 to 34 years,Percentage,Ireland,2022,68.0,,
ESTAT:ILC_LVPS09(1.0),06/03/26 11:00:00,Annual,Employed persons working full-time,From 25 to 34 years,Percentage,Ireland,2023,69.8,,
ESTAT:ILC_LVPS09(1.0),06/03/26 11:00:00,Annual,Employed persons working full-time,From 25 to 34 years,Percentage,Ireland,2024,64.9,,
ESTAT:ILC_LVPS09(1.0),06/03/26 11:00:00,Annual,Employed persons working full-time,From 25 to 34 years,Percentage,Iceland,2015,50.2,,
ESTAT:ILC_LVPS09(1.0),06/03/26 11:00:00,Annual,Employed persons working full-time,From 25 to 34 years,Percentage,Iceland,2016,52.2,,
ESTAT:ILC_LVPS09(1.0),06/03/26 11:00:00,Annual,Employed persons working full-time,From 25 to 34 years,Percentage,Iceland,2017,60.7,,
ESTAT:ILC_LVPS09(1.0),06/03/26 11:00:00,Annual,Employed persons working full-time,From 25 to 34 years,Percentage,Iceland,2018,59.7,,
ESTAT:ILC_LVPS09(1.0),06/03/26 11:00:00,Annual,Employed persons working full-time,From 25 to 34 years,Percentage,Iceland,2019,49.5,,
ESTAT:ILC_LVPS09(1.0),06/03/26 11:00:00,Annual,Employed persons working full-time,From 25 to 34 years,Percentage,Iceland,2020,49.0,,
ESTAT:ILC_LVPS09(1.0),06/03/26 11:00:00,Annual,Employed persons working full-time,From 25 to 34 years,Percentage,Italy,2015,40.3,,
ESTAT:ILC_LVPS09(1.0),06/03/26 11:00:00,Annual,Employed persons working full-time,From 25 to 34 years,Percentage,Italy,2016,39.3,,
ESTAT:ILC_LVPS09(1.0),06/03/26 11:00:00,Annual,Employed persons working full-time,From 25 to 34 years,Percentage,Italy,2017,41.8,,
ESTAT:ILC_LVPS09(1.0),06/03/26 11:00:00,Annual,Employed persons working full-time,From 25 to 34 years,Percentage,Italy,2018,42.0,,
ESTAT:ILC_LVPS09(1.0),06/03/26 11:00:00,Annual,Employed persons working full-time,From 25 to 34 years,Percentage,Italy,2019,47.0,,
ESTAT:ILC_LVPS09(1.0),06/03/26 11:00:00,Annual,Employed persons working full-time,From 25 to 34 years,Percentage,Italy,2020,43.3,,
ESTAT:ILC_LVPS09(1.0),06/03/26 11:00:00,Annual,Employed persons working full-time,From 25 to 34 years,Percentage,Italy,2021,45.2,,
ESTAT:ILC_LVPS09(1.0),06/03/26 11:00:00,Annual,Employed persons working full-time,From 25 to 34 years,Percentage,Italy,2022,47.5,,
ESTAT:ILC_LVPS09(1.0),06/03/26 11:00:00,Annual,Employed persons working full-time,From 25 to 34 years,Percentage,Italy,2023,50.5,,
ESTAT:ILC_LVPS09(1.0),06/03/26 11:00:00,Annual,Employed persons working full-time,From 25 to 34 years,Percentage,Italy,2024,48.2,,
ESTAT:ILC_LVPS09(1.0),06/03/26 11:00:00,Annual,Employed persons working full-time,From 25 to 34 years,Percentage,Lithuania,2015,68.2,,
ESTAT:ILC_LVPS09(1.0),06/03/26 11:00:00,Annual,Employed persons working full-time,From 25 to 34 years,Percentage,Lithuania,2016,70.0,,
ESTAT:ILC_LVPS09(1.0),06/03/26 11:00:00,Annual,Employed persons working full-time,From 25 to 34 years,Percentage,Lithuania,2017,73.5,,
ESTAT:ILC_LVPS09(1.0),06/03/26 11:00:00,Annual,Employed persons working full-time,From 25 to 34 years,Percentage,Lithuania,2018,72.1,,
ESTAT:ILC_LVPS09(1.0),06/03/26 11:00:00,Annual,Employed persons working full-time,From 25 to 34 years,Percentage,Lithuania,2019,70.4,,
ESTAT:ILC_LVPS09(1.0),06/03/26 11:00:00,Annual,Employed persons working full-time,From 25 to 34 years,Percentage,Lithuania,2020,72.0,,
ESTAT:ILC_LVPS09(1.0),06/03/26 11:00:00,Annual,Employed persons working full-time,From 25 to 34 years,Percentage,Lithuania,2021,68.3,,
ESTAT:ILC_LVPS09(1.0),06/03/26 11:00:00,Annual,Employed persons working full-time,From 25 to 34 years,Percentage,Lithuania,2022,72.6,,
ESTAT:ILC_LVPS09(1.0),06/03/26 11:00:00,Annual,Employed persons working full-time,From 25 to 34 years,Percentage,Lithuania,2023,77.7,,
ESTAT:ILC_LVPS09(1.0),06/03/26 11:00:00,Annual,Employed persons working full-time,From 25 to 34 years,Percentage,Lithuania,2024,76.6,p,
ESTAT:ILC_LVPS09(1.0),06/03/26 11:00:00,Annual,Employed persons working full-time,From 25 to 34 years,Percentage,Luxembourg,2015,65.9,,
ESTAT:ILC_LVPS09(1.0),06/03/26 11:00:00,Annual,Employed persons working full-time,From 25 to 34 years,Percentage,Luxembourg,2016,58.6,b,
ESTAT:ILC_LVPS09(1.0),06/03/26 11:00:00,Annual,Employed persons working full-time,From 25 to 34 years,Percentage,Luxembourg,2017,56.0,,
ESTAT:ILC_LVPS09(1.0),06/03/26 11:00:00,Annual,Employed persons working full-time,From 25 to 34 years,Percentage,Luxembourg,2018,52.2,,
ESTAT:ILC_LVPS09(1.0),06/03/26 11:00:00,Annual,Employed persons working full-time,From 25 to 34 years,Percentage,Luxembourg,2019,51.3,,
ESTAT:ILC_LVPS09(1.0),06/03/26 11:00:00,Annual,Employed persons working full-time,From 25 to 34 years,Percentage,Luxembourg,2020,44.4,b,
ESTAT:ILC_LVPS09(1.0),06/03/26 11:00:00,Annual,Employed persons working full-time,From 25 to 34 years,Percentage,Luxembourg,2021,53.6,b,
ESTAT:ILC_LVPS09(1.0),06/03/26 11:00:00,Annual,Employed persons working full-time,From 25 to 34 years,Percentage,Luxembourg,2022,60.5,b,
ESTAT:ILC_LVPS09(1.0),06/03/26 11:00:00,Annual,Employed persons working full-time,From 25 to 34 years,Percentage,Luxembourg,2023,54.8,,
ESTAT:ILC_LVPS09(1.0),06/03/26 11:00:00,Annual,Employed persons working full-time,From 25 to 34 years,Percentage,Luxembourg,2024,54.3,,
ESTAT:ILC_LVPS09(1.0),06/03/26 11:00:00,Annual,Employed persons working full-time,From 25 to 34 years,Percentage,Latvia,2015,69.8,,
ESTAT:ILC_LVPS09(1.0),06/03/26 11:00:00,Annual,Employed persons working full-time,From 25 to 34 years,Percentage,Latvia,2016,68.4,,
ESTAT:ILC_LVPS09(1.0),06/03/26 11:00:00,Annual,Employed persons working full-time,From 25 to 34 years,Percentage,Latvia,2017,73.0,,
ESTAT:ILC_LVPS09(1.0),06/03/26 11:00:00,Annual,Employed persons working full-time,From 25 to 34 years,Percentage,Latvia,2018,74.6,,
ESTAT:ILC_LVPS09(1.0),06/03/26 11:00:00,Annual,Employed persons working full-time,From 25 to 34 years,Percentage,Latvia,2019,77.2,,
ESTAT:ILC_LVPS09(1.0),06/03/26 11:00:00,Annual,Employed persons working full-time,From 25 to 34 years,Percentage,Latvia,2020,66.9,,
ESTAT:ILC_LVPS09(1.0),06/03/26 11:00:00,Annual,Employed persons working full-time,From 25 to 34 years,Percentage,Latvia,2021,72.2,,
ESTAT:ILC_LVPS09(1.0),06/03/26 11:00:00,Annual,Employed persons working full-time,From 25 to 34 years,Percentage,Latvia,2022,75.6,,
ESTAT:ILC_LVPS09(1.0),06/03/26 11:00:00,Annual,Employed persons working full-time,From 25 to 34 years,Percentage,Latvia,2023,68.8,,
ESTAT:ILC_LVPS09(1.0),06/03/26 11:00:00,Annual,Employed persons working full-time,From 25 to 34 years,Percentage,Latvia,2024,69.1,,
ESTAT:ILC_LVPS09(1.0),06/03/26 11:00:00,Annual,Employed persons working full-time,From 25 to 34 years,Percentage,Latvia,2025,63.2,,
ESTAT:ILC_LVPS09(1.0),06/03/26 11:00:00,Annual,Employed persons working full-time,From 25 to 34 years,Percentage,Montenegro,2015,48.9,,
ESTAT:ILC_LVPS09(1.0),06/03/26 11:00:00,Annual,Employed persons working full-time,From 25 to 34 years,Percentage,Montenegro,2016,48.0,,
ESTAT:ILC_LVPS09(1.0),06/03/26 11:00:00,Annual,Employed persons working full-time,From 25 to 34 years,Percentage,Montenegro,2017,50.5,,
ESTAT:ILC_LVPS09(1.0),06/03/26 11:00:00,Annual,Employed persons working full-time,From 25 to 34 years,Percentage,Montenegro,2018,56.7,,
ESTAT:ILC_LVPS09(1.0),06/03/26 11:00:00,Annual,Employed persons working full-time,From 25 to 34 years,Percentage,Montenegro,2019,61.5,,
ESTAT:ILC_LVPS09(1.0),06/03/26 11:00:00,Annual,Employed persons working full-time,From 25 to 34 years,Percentage,Montenegro,2020,55.5,,
ESTAT:ILC_LVPS09(1.0),06/03/26 11:00:00,Annual,Employed persons working full-time,From 25 to 34 years,Percentage,Montenegro,2021,55.4,,
ESTAT:ILC_LVPS09(1.0),06/03/26 11:00:00,Annual,Employed persons working full-time,From 25 to 34 years,Percentage,Montenegro,2022,56.6,,
ESTAT:ILC_LVPS09(1.0),06/03/26 11:00:00,Annual,Employed persons working full-time,From 25 to 34 years,Percentage,North Macedonia,2015,58.4,,
ESTAT:ILC_LVPS09(1.0),06/03/26 11:00:00,Annual,Employed persons working full-time,From 25 to 34 years,Percentage,North Macedonia,2016,61.4,,
ESTAT:ILC_LVPS09(1.0),06/03/26 11:00:00,Annual,Employed persons working full-time,From 25 to 34 years,Percentage,North Macedonia,2017,60.9,,
ESTAT:ILC_LVPS09(1.0),06/03/26 11:00:00,Annual,Employed persons working full-time,From 25 to 34 years,Percentage,North Macedonia,2018,60.3,,
ESTAT:ILC_LVPS09(1.0),06/03/26 11:00:00,Annual,Employed persons working full-time,From 25 to 34 years,Percentage,North Macedonia,2019,61.4,,
ESTAT:ILC_LVPS09(1.0),06/03/26 11:00:00,Annual,Employed persons working full-time,From 25 to 34 years,Percentage,North Macedonia,2020,60.4,,
ESTAT:ILC_LVPS09(1.0),06/03/26 11:00:00,Annual,Employed persons working full-time,From 25 to 34 years,Percentage,North Macedonia,2021,62.0,b,
ESTAT:ILC_LVPS09(1.0),06/03/26 11:00:00,Annual,Employed persons working full-time,From 25 to 34 years,Percentage,North Macedonia,2022,65.6,,
ESTAT:ILC_LVPS09(1.0),06/03/26 11:00:00,Annual,Employed persons working full-time,From 25 to 34 years,Percentage,North Macedonia,2023,66.4,,
ESTAT:ILC_LVPS09(1.0),06/03/26 11:00:00,Annual,Employed persons working full-time,From 25 to 34 years,Percentage,Malta,2015,82.5,,
ESTAT:ILC_LVPS09(1.0),06/03/26 11:00:00,Annual,Employed persons working full-time,From 25 to 34 years,Percentage,Malta,2016,80.2,,
ESTAT:ILC_LVPS09(1.0),06/03/26 11:00:00,Annual,Employed persons working full-time,From 25 to 34 years,Percentage,Malta,2017,83.9,,
ESTAT:ILC_LVPS09(1.0),06/03/26 11:00:00,Annual,Employed persons working full-time,From 25 to 34 years,Percentage,Malta,2018,84.1,,
ESTAT:ILC_LVPS09(1.0),06/03/26 11:00:00,Annual,Employed persons working full-time,From 25 to 34 years,Percentage,Malta,2019,83.8,,
ESTAT:ILC_LVPS09(1.0),06/03/26 11:00:00,Annual,Employed persons working full-time,From 25 to 34 years,Percentage,Malta,2020,83.6,,
ESTAT:ILC_LVPS09(1.0),06/03/26 11:00:00,Annual,Employed persons working full-time,From 25 to 34 years,Percentage,Malta,2021,85.1,,
ESTAT:ILC_LVPS09(1.0),06/03/26 11:00:00,Annual,Employed persons working full-time,From 25 to 34 years,Percentage,Malta,2022,85.9,,
ESTAT:ILC_LVPS09(1.0),06/03/26 11:00:00,Annual,Employed persons working full-time,From 25 to 34 years,Percentage,Malta,2023,86.1,,
ESTAT:ILC_LVPS09(1.0),06/03/26 11:00:00,Annual,Employed persons working full-time,From 25 to 34 years,Percentage,Malta,2024,87.1,,
ESTAT:ILC_LVPS09(1.0),06/03/26 11:00:00,Annual,Employed persons working full-time,From 25 to 34 years,Percentage,Netherlands,2015,43.0,,
ESTAT:ILC_LVPS09(1.0),06/03/26 11:00:00,Annual,Employed persons working full-time,From 25 to 34 years,Percentage,Netherlands,2016,44.7,b,
ESTAT:ILC_LVPS09(1.0),06/03/26 11:00:00,Annual,Employed persons working full-time,From 25 to 34 years,Percentage,Netherlands,2017,48.6,,
ESTAT:ILC_LVPS09(1.0),06/03/26 11:00:00,Annual,Employed persons working full-time,From 25 to 34 years,Percentage,Netherlands,2018,46.6,,
ESTAT:ILC_LVPS09(1.0),06/03/26 11:00:00,Annual,Employed persons working full-time,From 25 to 34 years,Percentage,Netherlands,2019,43.7,,
ESTAT:ILC_LVPS09(1.0),06/03/26 11:00:00,Annual,Employed persons working full-time,From 25 to 34 years,Percentage,Netherlands,2020,40.6,,
ESTAT:ILC_LVPS09(1.0),06/03/26 11:00:00,Annual,Employed persons working full-time,From 25 to 34 years,Percentage,Netherlands,2021,56.2,,
ESTAT:ILC_LVPS09(1.0),06/03/26 11:00:00,Annual,Employed persons working full-time,From 25 to 34 years,Percentage,Netherlands,2022,63.9,,
ESTAT:ILC_LVPS09(1.0),06/03/26 11:00:00,Annual,Employed persons working full-time,From 25 to 34 years,Percentage,Netherlands,2023,58.2,,
ESTAT:ILC_LVPS09(1.0),06/03/26 11:00:00,Annual,Employed persons working full-time,From 25 to 34 years,Percentage,Netherlands,2024,62.1,,
ESTAT:ILC_LVPS09(1.0),06/03/26 11:00:00,Annual,Employed persons working full-time,From 25 to 34 years,Percentage,Netherlands,2025,61.0,,
ESTAT:ILC_LVPS09(1.0),06/03/26 11:00:00,Annual,Employed persons working full-time,From 25 to 34 years,Percentage,Norway,2015,48.7,,
ESTAT:ILC_LVPS09(1.0),06/03/26 11:00:00,Annual,Employed persons working full-time,From 25 to 34 years,Percentage,Norway,2016,50.3,,
ESTAT:ILC_LVPS09(1.0),06/03/26 11:00:00,Annual,Employed persons working full-time,From 25 to 34 years,Percentage,Norway,2017,49.6,,
ESTAT:ILC_LVPS09(1.0),06/03/26 11:00:00,Annual,Employed persons working full-time,From 25 to 34 years,Percentage,Norway,2018,53.7,,
ESTAT:ILC_LVPS09(1.0),06/03/26 11:00:00,Annual,Employed persons working full-time,From 25 to 34 years,Percentage,Norway,2019,60.8,,
ESTAT:ILC_LVPS09(1.0),06/03/26 11:00:00,Annual,Employed persons working full-time,From 25 to 34 years,Percentage,Norway,2020,49.8,,
ESTAT:ILC_LVPS09(1.0),06/03/26 11:00:00,Annual,Employed persons working full-time,From 25 to 34 years,Percentage,Norway,2021,50.1,b,
ESTAT:ILC_LVPS09(1.0),06/03/26 11:00:00,Annual,Employed persons working full-time,From 25 to 34 years,Percentage,Norway,2022,48.4,,
ESTAT:ILC_LVPS09(1.0),06/03/26 11:00:00,Annual,Employed persons working full-time,From 25 to 34 years,Percentage,Norway,2023,36.5,,
ESTAT:ILC_LVPS09(1.0),06/03/26 11:00:00,Annual,Employed persons working full-time,From 25 to 34 years,Percentage,Norway,2024,44.7,,
ESTAT:ILC_LVPS09(1.0),06/03/26 11:00:00,Annual,Employed persons working full-time,From 25 to 34 years,Percentage,Poland,2015,68.8,,
ESTAT:ILC_LVPS09(1.0),06/03/26 11:00:00,Annual,Employed persons working full-time,From 25 to 34 years,Percentage,Poland,2016,69.1,,
ESTAT:ILC_LVPS09(1.0),06/03/26 11:00:00,Annual,Employed persons working full-time,From 25 to 34 years,Percentage,Poland,2017,71.4,,
ESTAT:ILC_LVPS09(1.0),06/03/26 11:00:00,Annual,Employed persons working full-time,From 25 to 34 years,Percentage,Poland,2018,70.6,,
ESTAT:ILC_LVPS09(1.0),06/03/26 11:00:00,Annual,Employed persons working full-time,From 25 to 34 years,Percentage,Poland,2019,71.4,,
ESTAT:ILC_LVPS09(1.0),06/03/26 11:00:00,Annual,Employed persons working full-time,From 25 to 34 years,Percentage,Poland,2020,72.2,,
ESTAT:ILC_LVPS09(1.0),06/03/26 11:00:00,Annual,Employed persons working full-time,From 25 to 34 years,Percentage,Poland,2021,76.3,,
ESTAT:ILC_LVPS09(1.0),06/03/26 11:00:00,Annual,Employed persons working full-time,From 25 to 34 years,Percentage,Poland,2022,77.7,,
ESTAT:ILC_LVPS09(1.0),06/03/26 11:00:00,Annual,Employed persons working full-time,From 25 to 34 years,Percentage,Poland,2023,76.8,,
ESTAT:ILC_LVPS09(1.0),06/03/26 11:00:00,Annual,Employed persons working full-time,From 25 to 34 years,Percentage,Poland,2024,76.4,,
ESTAT:ILC_LVPS09(1.0),06/03/26 11:00:00,Annual,Employed persons working full-time,From 25 to 34 years,Percentage,Portugal,2015,61.5,,
ESTAT:ILC_LVPS09(1.0),06/03/26 11:00:00,Annual,Employed persons working full-time,From 25 to 34 years,Percentage,Portugal,2016,64.2,,
ESTAT:ILC_LVPS09(1.0),06/03/26 11:00:00,Annual,Employed persons working full-time,From 25 to 34 years,Percentage,Portugal,2017,65.3,,
ESTAT:ILC_LVPS09(1.0),06/03/26 11:00:00,Annual,Employed persons working full-time,From 25 to 34 years,Percentage,Portugal,2018,65.7,,
ESTAT:ILC_LVPS09(1.0),06/03/26 11:00:00,Annual,Employed persons working full-time,From 25 to 34 years,Percentage,Portugal,2019,72.2,,
ESTAT:ILC_LVPS09(1.0),06/03/26 11:00:00,Annual,Employed persons working full-time,From 25 to 34 years,Percentage,Portugal,2020,67.9,,
ESTAT:ILC_LVPS09(1.0),06/03/26 11:00:00,Annual,Employed persons working full-time,From 25 to 34 years,Percentage,Portugal,2021,69.8,,
ESTAT:ILC_LVPS09(1.0),06/03/26 11:00:00,Annual,Employed persons working full-time,From 25 to 34 years,Percentage,Portugal,2022,73.9,,
ESTAT:ILC_LVPS09(1.0),06/03/26 11:00:00,Annual,Employed persons working full-time,From 25 to 34 years,Percentage,Portugal,2023,75.8,,
ESTAT:ILC_LVPS09(1.0),06/03/26 11:00:00,Annual,Employed persons working full-time,From 25 to 34 years,Percentage,Portugal,2024,73.5,,
ESTAT:ILC_LVPS09(1.0),06/03/26 11:00:00,Annual,Employed persons working full-time,From 25 to 34 years,Percentage,Portugal,2025,71.8,,
ESTAT:ILC_LVPS09(1.0),06/03/26 11:00:00,Annual,Employed persons working full-time,From 25 to 34 years,Percentage,Romania,2015,71.6,,
ESTAT:ILC_LVPS09(1.0),06/03/26 11:00:00,Annual,Employed persons working full-time,From 25 to 34 years,Percentage,Romania,2016,70.9,,
ESTAT:ILC_LVPS09(1.0),06/03/26 11:00:00,Annual,Employed persons working full-time,From 25 to 34 years,Percentage,Romania,2017,71.4,,
ESTAT:ILC_LVPS09(1.0),06/03/26 11:00:00,Annual,Employed persons working full-time,From 25 to 34 years,Percentage,Romania,2018,70.7,,
ESTAT:ILC_LVPS09(1.0),06/03/26 11:00:00,Annual,Employed persons working full-time,From 25 to 34 years,Percentage,Romania,2019,73.5,,
ESTAT:ILC_LVPS09(1.0),06/03/26 11:00:00,Annual,Employed persons working full-time,From 25 to 34 years,Percentage,Romania,2020,73.0,,
ESTAT:ILC_LVPS09(1.0),06/03/26 11:00:00,Annual,Employed persons working full-time,From 25 to 34 years,Percentage,Romania,2021,72.6,,
ESTAT:ILC_LVPS09(1.0),06/03/26 11:00:00,Annual,Employed persons working full-time,From 25 to 34 years,Percentage,Romania,2022,73.1,,
ESTAT:ILC_LVPS09(1.0),06/03/26 11:00:00,Annual,Employed persons working full-time,From 25 to 34 years,Percentage,Romania,2023,79.9,,
ESTAT:ILC_LVPS09(1.0),06/03/26 11:00:00,Annual,Employed persons working full-time,From 25 to 34 years,Percentage,Romania,2024,73.7,,
ESTAT:ILC_LVPS09(1.0),06/03/26 11:00:00,Annual,Employed persons working full-time,From 25 to 34 years,Percentage,Romania,2025,72.2,,
ESTAT:ILC_LVPS09(1.0),06/03/26 11:00:00,Annual,Employed persons working full-time,From 25 to 34 years,Percentage,Serbia,2015,48.6,,
ESTAT:ILC_LVPS09(1.0),06/03/26 11:00:00,Annual,Employed persons working full-time,From 25 to 34 years,Percentage,Serbia,2016,47.7,,
ESTAT:ILC_LVPS09(1.0),06/03/26 11:00:00,Annual,Employed persons working full-time,From 25 to 34 years,Percentage,Serbia,2017,51.0,,
ESTAT:ILC_LVPS09(1.0),06/03/26 11:00:00,Annual,Employed persons working full-time,From 25 to 34 years,Percentage,Serbia,2018,55.0,,
ESTAT:ILC_LVPS09(1.0),06/03/26 11:00:00,Annual,Employed persons working full-time,From 25 to 34 years,Percentage,Serbia,2019,58.5,,
ESTAT:ILC_LVPS09(1.0),06/03/26 11:00:00,Annual,Employed persons working full-time,From 25 to 34 years,Percentage,Serbia,2020,57.8,,
ESTAT:ILC_LVPS09(1.0),06/03/26 11:00:00,Annual,Employed persons working full-time,From 25 to 34 years,Percentage,Serbia,2021,59.0,,
ESTAT:ILC_LVPS09(1.0),06/03/26 11:00:00,Annual,Employed persons working full-time,From 25 to 34 years,Percentage,Serbia,2022,59.1,,
ESTAT:ILC_LVPS09(1.0),06/03/26 11:00:00,Annual,Employed persons working full-time,From 25 to 34 years,Percentage,Serbia,2023,62.4,,
ESTAT:ILC_LVPS09(1.0),06/03/26 11:00:00,Annual,Employed persons working full-time,From 25 to 34 years,Percentage,Serbia,2024,65.0,,
ESTAT:ILC_LVPS09(1.0),06/03/26 11:00:00,Annual,Employed persons working full-time,From 25 to 34 years,Percentage,Sweden,2015,37.7,,
ESTAT:ILC_LVPS09(1.0),06/03/26 11:00:00,Annual,Employed persons working full-time,From 25 to 34 years,Percentage,Sweden,2016,41.0,,
ESTAT:ILC_LVPS09(1.0),06/03/26 11:00:00,Annual,Employed persons working full-time,From 25 to 34 years,Percentage,Sweden,2017,47.3,,
ESTAT:ILC_LVPS09(1.0),06/03/26 11:00:00,Annual,Employed persons working full-time,From 25 to 34 years,Percentage,Sweden,2018,46.1,,
ESTAT:ILC_LVPS09(1.0),06/03/26 11:00:00,Annual,Employed persons working full-time,From 25 to 34 years,Percentage,Sweden,2019,43.9,,
ESTAT:ILC_LVPS09(1.0),06/03/26 11:00:00,Annual,Employed persons working full-time,From 25 to 34 years,Percentage,Sweden,2020,35.4,,
ESTAT:ILC_LVPS09(1.0),06/03/26 11:00:00,Annual,Employed persons working full-time,From 25 to 34 years,Percentage,Sweden,2021,30.6,,
ESTAT:ILC_LVPS09(1.0),06/03/26 11:00:00,Annual,Employed persons working full-time,From 25 to 34 years,Percentage,Sweden,2022,30.6,,
ESTAT:ILC_LVPS09(1.0),06/03/26 11:00:00,Annual,Employed persons working full-time,From 25 to 34 years,Percentage,Sweden,2023,37.5,,
ESTAT:ILC_LVPS09(1.0),06/03/26 11:00:00,Annual,Employed persons working full-time,From 25 to 34 years,Percentage,Sweden,2024,34.0,,
ESTAT:ILC_LVPS09(1.0),06/03/26 11:00:00,Annual,Employed persons working full-time,From 25 to 34 years,Percentage,Sweden,2025,40.2,,
ESTAT:ILC_LVPS09(1.0),06/03/26 11:00:00,Annual,Employed persons working full-time,From 25 to 34 years,Percentage,Slovenia,2015,57.8,,
ESTAT:ILC_LVPS09(1.0),06/03/26 11:00:00,Annual,Employed persons working full-time,From 25 to 34 years,Percentage,Slovenia,2016,59.2,,
ESTAT:ILC_LVPS09(1.0),06/03/26 11:00:00,Annual,Employed persons working full-time,From 25 to 34 years,Percentage,Slovenia,2017,64.4,,
ESTAT:ILC_LVPS09(1.0),06/03/26 11:00:00,Annual,Employed persons working full-time,From 25 to 34 years,Percentage,Slovenia,2018,70.0,,
ESTAT:ILC_LVPS09(1.0),06/03/26 11:00:00,Annual,Employed persons working full-time,From 25 to 34 years,Percentage,Slovenia,2019,73.9,,
ESTAT:ILC_LVPS09(1.0),06/03/26 11:00:00,Annual,Employed persons working full-time,From 25 to 34 years,Percentage,Slovenia,2020,74.0,,
ESTAT:ILC_LVPS09(1.0),06/03/26 11:00:00,Annual,Employed persons working full-time,From 25 to 34 years,Percentage,Slovenia,2021,70.7,,
ESTAT:ILC_LVPS09(1.0),06/03/26 11:00:00,Annual,Employed persons working full-time,From 25 to 34 years,Percentage,Slovenia,2022,74.2,,
ESTAT:ILC_LVPS09(1.0),06/03/26 11:00:00,Annual,Employed persons working full-time,From 25 to 34 years,Percentage,Slovenia,2023,75.7,,
ESTAT:ILC_LVPS09(1.0),06/03/26 11:00:00,Annual,Employed persons working full-time,From 25 to 34 years,Percentage,Slovenia,2024,78.1,,
ESTAT:ILC_LVPS09(1.0),06/03/26 11:00:00,Annual,Employed persons working full-time,From 25 to 34 years,Percentage,Slovenia,2025,78.6,,
ESTAT:ILC_LVPS09(1.0),06/03/26 11:00:00,Annual,Employed persons working full-time,From 25 to 34 years,Percentage,Slovakia,2015,77.3,,
ESTAT:ILC_LVPS09(1.0),06/03/26 11:00:00,Annual,Employed persons working full-time,From 25 to 34 years,Percentage,Slovakia,2016,80.7,,
ESTAT:ILC_LVPS09(1.0),06/03/26 11:00:00,Annual,Employed persons working full-time,From 25 to 34 years,Percentage,Slovakia,2017,81.6,,
ESTAT:ILC_LVPS09(1.0),06/03/26 11:00:00,Annual,Employed persons working full-time,From 25 to 34 years,Percentage,Slovakia,2018,81.3,,
ESTAT:ILC_LVPS09(1.0),06/03/26 11:00:00,Annual,Employed persons working full-time,From 25 to 34 years,Percentage,Slovakia,2019,80.7,,
ESTAT:ILC_LVPS09(1.0),06/03/26 11:00:00,Annual,Employed persons working full-time,From 25 to 34 years,Percentage,Slovakia,2020,79.3,,
ESTAT:ILC_LVPS09(1.0),06/03/26 11:00:00,Annual,Employed persons working full-time,From 25 to 34 years,Percentage,Slovakia,2021,75.2,,
ESTAT:ILC_LVPS09(1.0),06/03/26 11:00:00,Annual,Employed persons working full-time,From 25 to 34 years,Percentage,Slovakia,2022,74.1,,
ESTAT:ILC_LVPS09(1.0),06/03/26 11:00:00,Annual,Employed persons working full-time,From 25 to 34 years,Percentage,Slovakia,2023,76.5,,
ESTAT:ILC_LVPS09(1.0),06/03/26 11:00:00,Annual,Employed persons working full-time,From 25 to 34 years,Percentage,Slovakia,2024,77.3,,
ESTAT:ILC_LVPS09(1.0),06/03/26 11:00:00,Annual,Employed persons working full-time,From 25 to 34 years,Percentage,Türkiye,2015,66.7,,
ESTAT:ILC_LVPS09(1.0),06/03/26 11:00:00,Annual,Employed persons working full-time,From 25 to 34 years,Percentage,Türkiye,2016,66.5,,
ESTAT:ILC_LVPS09(1.0),06/03/26 11:00:00,Annual,Employed persons working full-time,From 25 to 34 years,Percentage,Türkiye,2017,65.8,,
ESTAT:ILC_LVPS09(1.0),06/03/26 11:00:00,Annual,Employed persons working full-time,From 25 to 34 years,Percentage,Türkiye,2018,65.4,,
ESTAT:ILC_LVPS09(1.0),06/03/26 11:00:00,Annual,Employed persons working full-time,From 25 to 34 years,Percentage,Türkiye,2019,63.6,,
ESTAT:ILC_LVPS09(1.0),06/03/26 11:00:00,Annual,Employed persons working full-time,From 25 to 34 years,Percentage,Türkiye,2020,58.7,,
ESTAT:ILC_LVPS09(1.0),06/03/26 11:00:00,Annual,Employed persons working full-time,From 25 to 34 years,Percentage,Türkiye,2021,62.2,,
ESTAT:ILC_LVPS09(1.0),06/03/26 11:00:00,Annual,Employed persons working full-time,From 25 to 34 years,Percentage,Türkiye,2022,,m,
ESTAT:ILC_LVPS09(1.0),06/03/26 11:00:00,Annual,Employed persons working full-time,From 25 to 34 years,Percentage,Türkiye,2023,66.4,,
ESTAT:ILC_LVPS09(1.0),06/03/26 11:00:00,Annual,Employed persons working full-time,From 25 to 34 years,Percentage,Türkiye,2024,67.0,,
ESTAT:ILC_LVPS09(1.0),06/03/26 11:00:00,Annual,Employed persons working full-time,From 25 to 34 years,Percentage,Türkiye,2025,65.2,,
ESTAT:ILC_LVPS09(1.0),06/03/26 11:00:00,Annual,Employed persons working full-time,From 25 to 34 years,Percentage,United Kingdom,2015,68.7,,
ESTAT:ILC_LVPS09(1.0),06/03/26 11:00:00,Annual,Employed persons working full-time,From 25 to 34 years,Percentage,United Kingdom,2016,65.8,,
ESTAT:ILC_LVPS09(1.0),06/03/26 11:00:00,Annual,Employed persons working full-time,From 25 to 34 years,Percentage,United Kingdom,2017,60.9,b,
ESTAT:ILC_LVPS09(1.0),06/03/26 11:00:00,Annual,Employed persons working full-time,From 25 to 34 years,Percentage,United Kingdom,2018,64.2,,
ESTAT:ILC_LVPS09(1.0),06/03/26 11:00:00,Annual,Employed persons working full-time,From 25 to 34 years,Percentage,Kosovo*,2018,45.4,,
ESTAT:ILC_LVPS09(1.0),06/03/26 11:00:00,Annual,Employed persons working part-time,From 25 to 34 years,Percentage,Albania,2017,4.3,,
ESTAT:ILC_LVPS09(1.0),06/03/26 11:00:00,Annual,Employed persons working part-time,From 25 to 34 years,Percentage,Albania,2018,1.8,,
ESTAT:ILC_LVPS09(1.0),06/03/26 11:00:00,Annual,Employed persons working part-time,From 25 to 34 years,Percentage,Albania,2019,3.4,,
ESTAT:ILC_LVPS09(1.0),06/03/26 11:00:00,Annual,Employed persons working part-time,From 25 to 34 years,Percentage,Albania,2020,2.2,,
ESTAT:ILC_LVPS09(1.0),06/03/26 11:00:00,Annual,Employed persons working part-time,From 25 to 34 years,Percentage,Albania,2021,2.3,,
ESTAT:ILC_LVPS09(1.0),06/03/26 11:00:00,Annual,Employed persons working part-time,From 25 to 34 years,Percentage,Albania,2022,1.0,,
ESTAT:ILC_LVPS09(1.0),06/03/26 11:00:00,Annual,Employed persons working part-time,From 25 to 34 years,Percentage,Albania,2023,1.7,,
ESTAT:ILC_LVPS09(1.0),06/03/26 11:00:00,Annual,Employed persons working part-time,From 25 to 34 years,Percentage,Austria,2015,10.2,,
ESTAT:ILC_LVPS09(1.0),06/03/26 11:00:00,Annual,Employed persons working part-time,From 25 to 34 years,Percentage,Austria,2016,6.8,,
ESTAT:ILC_LVPS09(1.0),06/03/26 11:00:00,Annual,Employed persons working part-time,From 25 to 34 years,Percentage,Austria,2017,8.0,,
ESTAT:ILC_LVPS09(1.0),06/03/26 11:00:00,Annual,Employed persons working part-time,From 25 to 34 years,Percentage,Austria,2018,10.7,,
ESTAT:ILC_LVPS09(1.0),06/03/26 11:00:00,Annual,Employed persons working part-time,From 25 to 34 years,Percentage,Austria,2019,11.4,,
ESTAT:ILC_LVPS09(1.0),06/03/26 11:00:00,Annual,Employed persons working part-time,From 25 to 34 years,Percentage,Austria,2020,7.9,,
ESTAT:ILC_LVPS09(1.0),06/03/26 11:00:00,Annual,Employed persons working part-time,From 25 to 34 years,Percentage,Austria,2021,11.3,,
ESTAT:ILC_LVPS09(1.0),06/03/26 11:00:00,Annual,Employed persons working part-time,From 25 to 34 years,Percentage,Austria,2022,11.5,,
ESTAT:ILC_LVPS09(1.0),06/03/26 11:00:00,Annual,Employed persons working part-time,From 25 to 34 years,Percentage,Austria,2023,9.1,,
ESTAT:ILC_LVPS09(1.0),06/03/26 11:00:00,Annual,Employed persons working part-time,From 25 to 34 years,Percentage,Austria,2024,13.7,,
ESTAT:ILC_LVPS09(1.0),06/03/26 11:00:00,Annual,Employed persons working part-time,From 25 to 34 years,Percentage,Belgium,2015,11.1,,
ESTAT:ILC_LVPS09(1.0),06/03/26 11:00:00,Annual,Employed persons working part-time,From 25 to 34 years,Percentage,Belgium,2016,8.8,,
ESTAT:ILC_LVPS09(1.0),06/03/26 11:00:00,Annual,Employed persons working part-time,From 25 to 34 years,Percentage,Belgium,2017,11.2,,
ESTAT:ILC_LVPS09(1.0),06/03/26 11:00:00,Annual,Employed persons working part-time,From 25 to 34 years,Percentage,Belgium,2018,10.0,,
ESTAT:ILC_LVPS09(1.0),06/03/26 11:00:00,Annual,Employed persons working part-time,From 25 to 34 years,Percentage,Belgium,2019,9.4,b,
ESTAT:ILC_LVPS09(1.0),06/03/26 11:00:00,Annual,Employed persons working part-time,From 25 to 34 years,Percentage,Belgium,2020,9.0,,
ESTAT:ILC_LVPS09(1.0),06/03/26 11:00:00,Annual,Employed persons working part-time,From 25 to 34 years,Percentage,Belgium,2021,7.4,,
ESTAT:ILC_LVPS09(1.0),06/03/26 11:00:00,Annual,Employed persons working part-time,From 25 to 34 years,Percentage,Belgium,2022,12.1,,
ESTAT:ILC_LVPS09(1.0),06/03/26 11:00:00,Annual,Employed persons working part-time,From 25 to 34 years,Percentage,Belgium,2023,11.0,,
ESTAT:ILC_LVPS09(1.0),06/03/26 11:00:00,Annual,Employed persons working part-time,From 25 to 34 years,Percentage,Belgium,2024,12.8,,
ESTAT:ILC_LVPS09(1.0),06/03/26 11:00:00,Annual,Employed persons working part-time,From 25 to 34 years,Percentage,Belgium,2025,14.1,,
ESTAT:ILC_LVPS09(1.0),06/03/26 11:00:00,Annual,Employed persons working part-time,From 25 to 34 years,Percentage,Bulgaria,2015,1.4,,
ESTAT:ILC_LVPS09(1.0),06/03/26 11:00:00,Annual,Employed persons working part-time,From 25 to 34 years,Percentage,Bulgaria,2016,3.0,b,
ESTAT:ILC_LVPS09(1.0),06/03/26 11:00:00,Annual,Employed persons working part-time,From 25 to 34 years,Percentage,Bulgaria,2017,2.9,,
ESTAT:ILC_LVPS09(1.0),06/03/26 11:00:00,Annual,Employed persons working part-time,From 25 to 34 years,Percentage,Bulgaria,2018,3.9,,
ESTAT:ILC_LVPS09(1.0),06/03/26 11:00:00,Annual,Employed persons working part-time,From 25 to 34 years,Percentage,Bulgaria,2019,2.2,,
ESTAT:ILC_LVPS09(1.0),06/03/26 11:00:00,Annual,Employed persons working part-time,From 25 to 34 years,Percentage,Bulgaria,2020,4.9,,
ESTAT:ILC_LVPS09(1.0),06/03/26 11:00:00,Annual,Employed persons working part-time,From 25 to 34 years,Percentage,Bulgaria,2021,4.4,,
ESTAT:ILC_LVPS09(1.0),06/03/26 11:00:00,Annual,Employed persons working part-time,From 25 to 34 years,Percentage,Bulgaria,2022,4.1,,
ESTAT:ILC_LVPS09(1.0),06/03/26 11:00:00,Annual,Employed persons working part-time,From 25 to 34 years,Percentage,Bulgaria,2023,4.9,,
ESTAT:ILC_LVPS09(1.0),06/03/26 11:00:00,Annual,Employed persons working part-time,From 25 to 34 years,Percentage,Bulgaria,2024,5.4,,
ESTAT:ILC_LVPS09(1.0),06/03/26 11:00:00,Annual,Employed persons working part-time,From 25 to 34 years,Percentage,Bulgaria,2025,5.9,,
ESTAT:ILC_LVPS09(1.0),06/03/26 11:00:00,Annual,Employed persons working part-time,From 25 to 34 years,Percentage,Switzerland,2015,11.5,,
ESTAT:ILC_LVPS09(1.0),06/03/26 11:00:00,Annual,Employed persons working part-time,From 25 to 34 years,Percentage,Switzerland,2016,13.3,,
ESTAT:ILC_LVPS09(1.0),06/03/26 11:00:00,Annual,Employed persons working part-time,From 25 to 34 years,Percentage,Switzerland,2017,15.8,,
ESTAT:ILC_LVPS09(1.0),06/03/26 11:00:00,Annual,Employed persons working part-time,From 25 to 34 years,Percentage,Switzerland,2018,6.9,,
ESTAT:ILC_LVPS09(1.0),06/03/26 11:00:00,Annual,Employed persons working part-time,From 25 to 34 years,Percentage,Switzerland,2019,11.9,,
ESTAT:ILC_LVPS09(1.0),06/03/26 11:00:00,Annual,Employed persons working part-time,From 25 to 34 years,Percentage,Switzerland,2020,16.2,,
ESTAT:ILC_LVPS09(1.0),06/03/26 11:00:00,Annual,Employed persons working part-time,From 25 to 34 years,Percentage,Switzerland,2021,21.6,,
ESTAT:ILC_LVPS09(1.0),06/03/26 11:00:00,Annual,Employed persons working part-time,From 25 to 34 years,Percentage,Switzerland,2022,16.9,,
ESTAT:ILC_LVPS09(1.0),06/03/26 11:00:00,Annual,Employed persons working part-time,From 25 to 34 years,Percentage,Switzerland,2023,16.0,,
ESTAT:ILC_LVPS09(1.0),06/03/26 11:00:00,Annual,Employed persons working part-time,From 25 to 34 years,Percentage,Switzerland,2024,18.0,,
ESTAT:ILC_LVPS09(1.0),06/03/26 11:00:00,Annual,Employed persons working part-time,From 25 to 34 years,Percentage,Cyprus,2015,10.2,,
ESTAT:ILC_LVPS09(1.0),06/03/26 11:00:00,Annual,Employed persons working part-time,From 25 to 34 years,Percentage,Cyprus,2016,10.4,,
ESTAT:ILC_LVPS09(1.0),06/03/26 11:00:00,Annual,Employed persons working part-time,From 25 to 34 years,Percentage,Cyprus,2017,10.7,,
ESTAT:ILC_LVPS09(1.0),06/03/26 11:00:00,Annual,Employed persons working part-time,From 25 to 34 years,Percentage,Cyprus,2018,6.4,,
ESTAT:ILC_LVPS09(1.0),06/03/26 11:00:00,Annual,Employed persons working part-time,From 25 to 34 years,Percentage,Cyprus,2019,4.3,,
ESTAT:ILC_LVPS09(1.0),06/03/26 11:00:00,Annual,Employed persons working part-time,From 25 to 34 years,Percentage,Cyprus,2020,4.3,,
ESTAT:ILC_LVPS09(1.0),06/03/26 11:00:00,Annual,Employed persons working part-time,From 25 to 34 years,Percentage,Cyprus,2021,6.6,,
ESTAT:ILC_LVPS09(1.0),06/03/26 11:00:00,Annual,Employed persons working part-time,From 25 to 34 years,Percentage,Cyprus,2022,4.1,,
ESTAT:ILC_LVPS09(1.0),06/03/26 11:00:00,Annual,Employed persons working part-time,From 25 to 34 years,Percentage,Cyprus,2023,5.9,,
ESTAT:ILC_LVPS09(1.0),06/03/26 11:00:00,Annual,Employed persons working part-time,From 25 to 34 years,Percentage,Cyprus,2024,5.9,,
ESTAT:ILC_LVPS09(1.0),06/03/26 11:00:00,Annual,Employed persons working part-time,From 25 to 34 years,Percentage,Czechia,2015,1.8,,
ESTAT:ILC_LVPS09(1.0),06/03/26 11:00:00,Annual,Employed persons working part-time,From 25 to 34 years,Percentage,Czechia,2016,1.2,,
ESTAT:ILC_LVPS09(1.0),06/03/26 11:00:00,Annual,Employed persons working part-time,From 25 to 34 years,Percentage,Czechia,2017,2.5,,
ESTAT:ILC_LVPS09(1.0),06/03/26 11:00:00,Annual,Employed persons working part-time,From 25 to 34 years,Percentage,Czechia,2018,2.2,,
ESTAT:ILC_LVPS09(1.0),06/03/26 11:00:00,Annual,Employed persons working part-time,From 25 to 34 years,Percentage,Czechia,2019,3.2,,
ESTAT:ILC_LVPS09(1.0),06/03/26 11:00:00,Annual,Employed persons working part-time,From 25 to 34 years,Percentage,Czechia,2020,3.0,,
ESTAT:ILC_LVPS09(1.0),06/03/26 11:00:00,Annual,Employed persons working part-time,From 25 to 34 years,Percentage,Czechia,2021,0.9,,
ESTAT:ILC_LVPS09(1.0),06/03/26 11:00:00,Annual,Employed persons working part-time,From 25 to 34 years,Percentage,Czechia,2022,1.7,,
ESTAT:ILC_LVPS09(1.0),06/03/26 11:00:00,Annual,Employed persons working part-time,From 25 to 34 years,Percentage,Czechia,2023,1.6,,
ESTAT:ILC_LVPS09(1.0),06/03/26 11:00:00,Annual,Employed persons working part-time,From 25 to 34 years,Percentage,Czechia,2024,1.9,,
ESTAT:ILC_LVPS09(1.0),06/03/26 11:00:00,Annual,Employed persons working part-time,From 25 to 34 years,Percentage,Czechia,2025,2.6,,
ESTAT:ILC_LVPS09(1.0),06/03/26 11:00:00,Annual,Employed persons working part-time,From 25 to 34 years,Percentage,Germany,2015,11.4,,
ESTAT:ILC_LVPS09(1.0),06/03/26 11:00:00,Annual,Employed persons working part-time,From 25 to 34 years,Percentage,Germany,2016,10.8,,
ESTAT:ILC_LVPS09(1.0),06/03/26 11:00:00,Annual,Employed persons working part-time,From 25 to 34 years,Percentage,Germany,2017,10.1,,
ESTAT:ILC_LVPS09(1.0),06/03/26 11:00:00,Annual,Employed persons working part-time,From 25 to 34 years,Percentage,Germany,2018,10.9,,
ESTAT:ILC_LVPS09(1.0),06/03/26 11:00:00,Annual,Employed persons working part-time,From 25 to 34 years,Percentage,Germany,2019,10.6,,
ESTAT:ILC_LVPS09(1.0),06/03/26 11:00:00,Annual,Employed persons working part-time,From 25 to 34 years,Percentage,Germany,2020,12.8,b,
ESTAT:ILC_LVPS09(1.0),06/03/26 11:00:00,Annual,Employed persons working part-time,From 25 to 34 years,Percentage,Germany,2021,7.4,,
ESTAT:ILC_LVPS09(1.0),06/03/26 11:00:00,Annual,Employed persons working part-time,From 25 to 34 years,Percentage,Germany,2022,8.6,,
ESTAT:ILC_LVPS09(1.0),06/03/26 11:00:00,Annual,Employed persons working part-time,From 25 to 34 years,Percentage,Germany,2023,9.7,,
ESTAT:ILC_LVPS09(1.0),06/03/26 11:00:00,Annual,Employed persons working part-time,From 25 to 34 years,Percentage,Germany,2024,9.2,,
ESTAT:ILC_LVPS09(1.0),06/03/26 11:00:00,Annual,Employed persons working part-time,From 25 to 34 years,Percentage,Germany,2025,9.3,,
ESTAT:ILC_LVPS09(1.0),06/03/26 11:00:00,Annual,Employed persons working part-time,From 25 to 34 years,Percentage,Denmark,2015,5.2,,
ESTAT:ILC_LVPS09(1.0),06/03/26 11:00:00,Annual,Employed persons working part-time,From 25 to 34 years,Percentage,Denmark,2016,9.0,,
ESTAT:ILC_LVPS09(1.0),06/03/26 11:00:00,Annual,Employed persons working part-time,From 25 to 34 years,Percentage,Denmark,2017,8.2,,
ESTAT:ILC_LVPS09(1.0),06/03/26 11:00:00,Annual,Employed persons working part-time,From 25 to 34 years,Percentage,Denmark,2018,7.3,,
ESTAT:ILC_LVPS09(1.0),06/03/26 11:00:00,Annual,Employed persons working part-time,From 25 to 34 years,Percentage,Denmark,2019,5.4,,
ESTAT:ILC_LVPS09(1.0),06/03/26 11:00:00,Annual,Employed persons working part-time,From 25 to 34 years,Percentage,Denmark,2020,3.7,,
ESTAT:ILC_LVPS09(1.0),06/03/26 11:00:00,Annual,Employed persons working part-time,From 25 to 34 years,Percentage,Denmark,2021,6.3,,
ESTAT:ILC_LVPS09(1.0),06/03/26 11:00:00,Annual,Employed persons working part-time,From 25 to 34 years,Percentage,Denmark,2022,8.6,,
ESTAT:ILC_LVPS09(1.0),06/03/26 11:00:00,Annual,Employed persons working part-time,From 25 to 34 years,Percentage,Denmark,2023,7.2,,
ESTAT:ILC_LVPS09(1.0),06/03/26 11:00:00,Annual,Employed persons working part-time,From 25 to 34 years,Percentage,Denmark,2024,11.2,,
ESTAT:ILC_LVPS09(1.0),06/03/26 11:00:00,Annual,Employed persons working part-time,From 25 to 34 years,Percentage,Estonia,2015,7.8,,
ESTAT:ILC_LVPS09(1.0),06/03/26 11:00:00,Annual,Employed persons working part-time,From 25 to 34 years,Percentage,Estonia,2016,5.1,,
ESTAT:ILC_LVPS09(1.0),06/03/26 11:00:00,Annual,Employed persons working part-time,From 25 to 34 years,Percentage,Estonia,2017,7.4,,
ESTAT:ILC_LVPS09(1.0),06/03/26 11:00:00,Annual,Employed persons working part-time,From 25 to 34 years,Percentage,Estonia,2018,5.0,,
ESTAT:ILC_LVPS09(1.0),06/03/26 11:00:00,Annual,Employed persons working part-time,From 25 to 34 years,Percentage,Estonia,2019,5.6,,
ESTAT:ILC_LVPS09(1.0),06/03/26 11:00:00,Annual,Employed persons working part-time,From 25 to 34 years,Percentage,Estonia,2020,8.9,,
ESTAT:ILC_LVPS09(1.0),06/03/26 11:00:00,Annual,Employed persons working part-time,From 25 to 34 years,Percentage,Estonia,2021,6.2,,
ESTAT:ILC_LVPS09(1.0),06/03/26 11:00:00,Annual,Employed persons working part-time,From 25 to 34 years,Percentage,Estonia,2022,11.7,,
ESTAT:ILC_LVPS09(1.0),06/03/26 11:00:00,Annual,Employed persons working part-time,From 25 to 34 years,Percentage,Estonia,2023,9.9,,
ESTAT:ILC_LVPS09(1.0),06/03/26 11:00:00,Annual,Employed persons working part-time,From 25 to 34 years,Percentage,Estonia,2024,13.1,,
ESTAT:ILC_LVPS09(1.0),06/03/26 11:00:00,Annual,Employed persons working part-time,From 25 to 34 years,Percentage,Estonia,2025,12.7,,
ESTAT:ILC_LVPS09(1.0),06/03/26 11:00:00,Annual,Employed persons working part-time,From 25 to 34 years,Percentage,Greece,2015,7.6,,
ESTAT:ILC_LVPS09(1.0),06/03/26 11:00:00,Annual,Employed persons working part-time,From 25 to 34 years,Percentage,Greece,2016,7.4,,
ESTAT:ILC_LVPS09(1.0),06/03/26 11:00:00,Annual,Employed persons working part-time,From 25 to 34 years,Percentage,Greece,2017,8.1,,
ESTAT:ILC_LVPS09(1.0),06/03/26 11:00:00,Annual,Employed persons working part-time,From 25 to 34 years,Percentage,Greece,2018,7.3,,
ESTAT:ILC_LVPS09(1.0),06/03/26 11:00:00,Annual,Employed persons working part-time,From 25 to 34 years,Percentage,Greece,2019,7.9,,
ESTAT:ILC_LVPS09(1.0),06/03/26 11:00:00,Annual,Employed persons working part-time,From 25 to 34 years,Percentage,Greece,2020,7.0,,
ESTAT:ILC_LVPS09(1.0),06/03/26 11:00:00,Annual,Employed persons working part-time,From 25 to 34 years,Percentage,Greece,2021,6.5,,
ESTAT:ILC_LVPS09(1.0),06/03/26 11:00:00,Annual,Employed persons working part-time,From 25 to 34 years,Percentage,Greece,2022,8.0,,
ESTAT:ILC_LVPS09(1.0),06/03/26 11:00:00,Annual,Employed persons working part-time,From 25 to 34 years,Percentage,Greece,2023,6.9,,
ESTAT:ILC_LVPS09(1.0),06/03/26 11:00:00,Annual,Employed persons working part-time,From 25 to 34 years,Percentage,Greece,2024,8.2,,
ESTAT:ILC_LVPS09(1.0),06/03/26 11:00:00,Annual,Employed persons working part-time,From 25 to 34 years,Percentage,Spain,2015,11.6,,
ESTAT:ILC_LVPS09(1.0),06/03/26 11:00:00,Annual,Employed persons working part-time,From 25 to 34 years,Percentage,Spain,2016,12.2,,
ESTAT:ILC_LVPS09(1.0),06/03/26 11:00:00,Annual,Employed persons working part-time,From 25 to 34 years,Percentage,Spain,2017,9.7,,
ESTAT:ILC_LVPS09(1.0),06/03/26 11:00:00,Annual,Employed persons working part-time,From 25 to 34 years,Percentage,Spain,2018,10.1,,
ESTAT:ILC_LVPS09(1.0),06/03/26 11:00:00,Annual,Employed persons working part-time,From 25 to 34 years,Percentage,Spain,2019,8.8,,
ESTAT:ILC_LVPS09(1.0),06/03/26 11:00:00,Annual,Employed persons working part-time,From 25 to 34 years,Percentage,Spain,2020,9.7,,
ESTAT:ILC_LVPS09(1.0),06/03/26 11:00:00,Annual,Employed persons working part-time,From 25 to 34 years,Percentage,Spain,2021,13.1,,
ESTAT:ILC_LVPS09(1.0),06/03/26 11:00:00,Annual,Employed persons working part-time,From 25 to 34 years,Percentage,Spain,2022,14.1,,
ESTAT:ILC_LVPS09(1.0),06/03/26 11:00:00,Annual,Employed persons working part-time,From 25 to 34 years,Percentage,Spain,2023,14.1,,
ESTAT:ILC_LVPS09(1.0),06/03/26 11:00:00,Annual,Employed persons working part-time,From 25 to 34 years,Percentage,Spain,2024,12.4,,
ESTAT:ILC_LVPS09(1.0),06/03/26 11:00:00,Annual,Employed persons working part-time,From 25 to 34 years,Percentage,Spain,2025,14.2,,
ESTAT:ILC_LVPS09(1.0),06/03/26 11:00:00,Annual,Employed persons working part-time,From 25 to 34 years,Percentage,European Union - 27 countries (from 2020),2015,7.8,e,
ESTAT:ILC_LVPS09(1.0),06/03/26 11:00:00,Annual,Employed persons working part-time,From 25 to 34 years,Percentage,European Union - 27 countries (from 2020),2016,8.1,e,
ESTAT:ILC_LVPS09(1.0),06/03/26 11:00:00,Annual,Employed persons working part-time,From 25 to 34 years,Percentage,European Union - 27 countries (from 2020),2017,7.8,e,
ESTAT:ILC_LVPS09(1.0),06/03/26 11:00:00,Annual,Employed persons working part-time,From 25 to 34 years,Percentage,European Union - 27 countries (from 2020),2018,8.4,e,
ESTAT:ILC_LVPS09(1.0),06/03/26 11:00:00,Annual,Employed persons working part-time,From 25 to 34 years,Percentage,European Union - 27 countries (from 2020),2019,8.7,,
ESTAT:ILC_LVPS09(1.0),06/03/26 11:00:00,Annual,Employed persons working part-time,From 25 to 34 years,Percentage,European Union - 27 countries (from 2020),2020,8.6,,
ESTAT:ILC_LVPS09(1.0),06/03/26 11:00:00,Annual,Employed persons working part-time,From 25 to 34 years,Percentage,European Union - 27 countries (from 2020),2021,8.7,,
ESTAT:ILC_LVPS09(1.0),06/03/26 11:00:00,Annual,Employed persons working part-time,From 25 to 34 years,Percentage,European Union - 27 countries (from 2020),2022,9.1,,
ESTAT:ILC_LVPS09(1.0),06/03/26 11:00:00,Annual,Employed persons working part-time,From 25 to 34 years,Percentage,European Union - 27 countries (from 2020),2023,8.6,,
ESTAT:ILC_LVPS09(1.0),06/03/26 11:00:00,Annual,Employed persons working part-time,From 25 to 34 years,Percentage,European Union - 27 countries (from 2020),2024,9.2,,
ESTAT:ILC_LVPS09(1.0),06/03/26 11:00:00,Annual,Employed persons working part-time,From 25 to 34 years,Percentage,Finland,2015,4.9,,
ESTAT:ILC_LVPS09(1.0),06/03/26 11:00:00,Annual,Employed persons working part-time,From 25 to 34 years,Percentage,Finland,2016,6.4,,
ESTAT:ILC_LVPS09(1.0),06/03/26 11:00:00,Annual,Employed persons working part-time,From 25 to 34 years,Percentage,Finland,2017,5.5,,
ESTAT:ILC_LVPS09(1.0),06/03/26 11:00:00,Annual,Employed persons working part-time,From 25 to 34 years,Percentage,Finland,2018,10.6,,
ESTAT:ILC_LVPS09(1.0),06/03/26 11:00:00,Annual,Employed persons working part-time,From 25 to 34 years,Percentage,Finland,2019,9.4,,
ESTAT:ILC_LVPS09(1.0),06/03/26 11:00:00,Annual,Employed persons working part-time,From 25 to 34 years,Percentage,Finland,2020,6.8,,
ESTAT:ILC_LVPS09(1.0),06/03/26 11:00:00,Annual,Employed persons working part-time,From 25 to 34 years,Percentage,Finland,2021,5.7,,
ESTAT:ILC_LVPS09(1.0),06/03/26 11:00:00,Annual,Employed persons working part-time,From 25 to 34 years,Percentage,Finland,2022,4.9,,
ESTAT:ILC_LVPS09(1.0),06/03/26 11:00:00,Annual,Employed persons working part-time,From 25 to 34 years,Percentage,Finland,2023,3.2,,
ESTAT:ILC_LVPS09(1.0),06/03/26 11:00:00,Annual,Employed persons working part-time,From 25 to 34 years,Percentage,Finland,2024,4.6,,
ESTAT:ILC_LVPS09(1.0),06/03/26 11:00:00,Annual,Employed persons working part-time,From 25 to 34 years,Percentage,Finland,2025,3.2,,
ESTAT:ILC_LVPS09(1.0),06/03/26 11:00:00,Annual,Employed persons working part-time,From 25 to 34 years,Percentage,France,2015,7.8,,
ESTAT:ILC_LVPS09(1.0),06/03/26 11:00:00,Annual,Employed persons working part-time,From 25 to 34 years,Percentage,France,2016,11.3,,
ESTAT:ILC_LVPS09(1.0),06/03/26 11:00:00,Annual,Employed persons working part-time,From 25 to 34 years,Percentage,France,2017,14.4,,
ESTAT:ILC_LVPS09(1.0),06/03/26 11:00:00,Annual,Employed persons working part-time,From 25 to 34 years,Percentage,France,2018,11.2,,
ESTAT:ILC_LVPS09(1.0),06/03/26 11:00:00,Annual,Employed persons working part-time,From 25 to 34 years,Percentage,France,2019,17.0,,
ESTAT:ILC_LVPS09(1.0),06/03/26 11:00:00,Annual,Employed persons working part-time,From 25 to 34 years,Percentage,France,2020,7.8,b,
ESTAT:ILC_LVPS09(1.0),06/03/26 11:00:00,Annual,Employed persons working part-time,From 25 to 34 years,Percentage,France,2021,7.6,,
ESTAT:ILC_LVPS09(1.0),06/03/26 11:00:00,Annual,Employed persons working part-time,From 25 to 34 years,Percentage,France,2022,7.5,b,
ESTAT:ILC_LVPS09(1.0),06/03/26 11:00:00,Annual,Employed persons working part-time,From 25 to 34 years,Percentage,France,2023,7.4,,
ESTAT:ILC_LVPS09(1.0),06/03/26 11:00:00,Annual,Employed persons working part-time,From 25 to 34 years,Percentage,France,2024,8.4,,
ESTAT:ILC_LVPS09(1.0),06/03/26 11:00:00,Annual,Employed persons working part-time,From 25 to 34 years,Percentage,Croatia,2015,2.1,,
ESTAT:ILC_LVPS09(1.0),06/03/26 11:00:00,Annual,Employed persons working part-time,From 25 to 34 years,Percentage,Croatia,2016,2.4,,
ESTAT:ILC_LVPS09(1.0),06/03/26 11:00:00,Annual,Employed persons working part-time,From 25 to 34 years,Percentage,Croatia,2017,1.9,,
ESTAT:ILC_LVPS09(1.0),06/03/26 11:00:00,Annual,Employed persons working part-time,From 25 to 34 years,Percentage,Croatia,2018,1.4,,
ESTAT:ILC_LVPS09(1.0),06/03/26 11:00:00,Annual,Employed persons working part-time,From 25 to 34 years,Percentage,Croatia,2019,1.2,,
ESTAT:ILC_LVPS09(1.0),06/03/26 11:00:00,Annual,Employed persons working part-time,From 25 to 34 years,Percentage,Croatia,2020,1.2,,
ESTAT:ILC_LVPS09(1.0),06/03/26 11:00:00,Annual,Employed persons working part-time,From 25 to 34 years,Percentage,Croatia,2021,1.4,,
ESTAT:ILC_LVPS09(1.0),06/03/26 11:00:00,Annual,Employed persons working part-time,From 25 to 34 years,Percentage,Croatia,2022,1.0,,
ESTAT:ILC_LVPS09(1.0),06/03/26 11:00:00,Annual,Employed persons working part-time,From 25 to 34 years,Percentage,Croatia,2023,0.7,,
ESTAT:ILC_LVPS09(1.0),06/03/26 11:00:00,Annual,Employed persons working part-time,From 25 to 34 years,Percentage,Croatia,2024,1.3,,
ESTAT:ILC_LVPS09(1.0),06/03/26 11:00:00,Annual,Employed persons working part-time,From 25 to 34 years,Percentage,Hungary,2015,2.2,,
ESTAT:ILC_LVPS09(1.0),06/03/26 11:00:00,Annual,Employed persons working part-time,From 25 to 34 years,Percentage,Hungary,2016,2.4,,
ESTAT:ILC_LVPS09(1.0),06/03/26 11:00:00,Annual,Employed persons working part-time,From 25 to 34 years,Percentage,Hungary,2017,2.3,,
ESTAT:ILC_LVPS09(1.0),06/03/26 11:00:00,Annual,Employed persons working part-time,From 25 to 34 years,Percentage,Hungary,2018,3.0,,
ESTAT:ILC_LVPS09(1.0),06/03/26 11:00:00,Annual,Employed persons working part-time,From 25 to 34 years,Percentage,Hungary,2019,4.2,b,
ESTAT:ILC_LVPS09(1.0),06/03/26 11:00:00,Annual,Employed persons working part-time,From 25 to 34 years,Percentage,Hungary,2020,2.6,,
ESTAT:ILC_LVPS09(1.0),06/03/26 11:00:00,Annual,Employed persons working part-time,From 25 to 34 years,Percentage,Hungary,2021,5.9,,
ESTAT:ILC_LVPS09(1.0),06/03/26 11:00:00,Annual,Employed persons working part-time,From 25 to 34 years,Percentage,Hungary,2022,4.2,,
ESTAT:ILC_LVPS09(1.0),06/03/26 11:00:00,Annual,Employed persons working part-time,From 25 to 34 years,Percentage,Hungary,2023,6.2,,
ESTAT:ILC_LVPS09(1.0),06/03/26 11:00:00,Annual,Employed persons working part-time,From 25 to 34 years,Percentage,Hungary,2024,4.5,,
ESTAT:ILC_LVPS09(1.0),06/03/26 11:00:00,Annual,Employed persons working part-time,From 25 to 34 years,Percentage,Ireland,2015,12.5,,
ESTAT:ILC_LVPS09(1.0),06/03/26 11:00:00,Annual,Employed persons working part-time,From 25 to 34 years,Percentage,Ireland,2016,12.5,,
ESTAT:ILC_LVPS09(1.0),06/03/26 11:00:00,Annual,Employed persons working part-time,From 25 to 34 years,Percentage,Ireland,2017,10.1,,
ESTAT:ILC_LVPS09(1.0),06/03/26 11:00:00,Annual,Employed persons working part-time,From 25 to 34 years,Percentage,Ireland,2018,14.6,,
ESTAT:ILC_LVPS09(1.0),06/03/26 11:00:00,Annual,Employed persons working part-time,From 25 to 34 years,Percentage,Ireland,2019,10.2,b,
ESTAT:ILC_LVPS09(1.0),06/03/26 11:00:00,Annual,Employed persons working part-time,From 25 to 34 years,Percentage,Ireland,2020,8.7,b,
ESTAT:ILC_LVPS09(1.0),06/03/26 11:00:00,Annual,Employed persons working part-time,From 25 to 34 years,Percentage,Ireland,2021,5.3,,
ESTAT:ILC_LVPS09(1.0),06/03/26 11:00:00,Annual,Employed persons working part-time,From 25 to 34 years,Percentage,Ireland,2022,7.5,,
ESTAT:ILC_LVPS09(1.0),06/03/26 11:00:00,Annual,Employed persons working part-time,From 25 to 34 years,Percentage,Ireland,2023,8.2,,
ESTAT:ILC_LVPS09(1.0),06/03/26 11:00:00,Annual,Employed persons working part-time,From 25 to 34 years,Percentage,Ireland,2024,10.7,,
ESTAT:ILC_LVPS09(1.0),06/03/26 11:00:00,Annual,Employed persons working part-time,From 25 to 34 years,Percentage,Iceland,2015,10.5,,
ESTAT:ILC_LVPS09(1.0),06/03/26 11:00:00,Annual,Employed persons working part-time,From 25 to 34 years,Percentage,Iceland,2016,10.1,,
ESTAT:ILC_LVPS09(1.0),06/03/26 11:00:00,Annual,Employed persons working part-time,From 25 to 34 years,Percentage,Iceland,2017,7.8,,
ESTAT:ILC_LVPS09(1.0),06/03/26 11:00:00,Annual,Employed persons working part-time,From 25 to 34 years,Percentage,Iceland,2018,6.8,,
ESTAT:ILC_LVPS09(1.0),06/03/26 11:00:00,Annual,Employed persons working part-time,From 25 to 34 years,Percentage,Iceland,2019,10.6,,
ESTAT:ILC_LVPS09(1.0),06/03/26 11:00:00,Annual,Employed persons working part-time,From 25 to 34 years,Percentage,Iceland,2020,12.4,,
ESTAT:ILC_LVPS09(1.0),06/03/26 11:00:00,Annual,Employed persons working part-time,From 25 to 34 years,Percentage,Italy,2015,9.0,,
ESTAT:ILC_LVPS09(1.0),06/03/26 11:00:00,Annual,Employed persons working part-time,From 25 to 34 years,Percentage,Italy,2016,8.8,,
ESTAT:ILC_LVPS09(1.0),06/03/26 11:00:00,Annual,Employed persons working part-time,From 25 to 34 years,Percentage,Italy,2017,7.8,,
ESTAT:ILC_LVPS09(1.0),06/03/26 11:00:00,Annual,Employed persons working part-time,From 25 to 34 years,Percentage,Italy,2018,10.0,,
ESTAT:ILC_LVPS09(1.0),06/03/26 11:00:00,Annual,Employed persons working part-time,From 25 to 34 years,Percentage,Italy,2019,11.5,,
ESTAT:ILC_LVPS09(1.0),06/03/26 11:00:00,Annual,Employed persons working part-time,From 25 to 34 years,Percentage,Italy,2020,11.8,,
ESTAT:ILC_LVPS09(1.0),06/03/26 11:00:00,Annual,Employed persons working part-time,From 25 to 34 years,Percentage,Italy,2021,14.4,,
ESTAT:ILC_LVPS09(1.0),06/03/26 11:00:00,Annual,Employed persons working part-time,From 25 to 34 years,Percentage,Italy,2022,14.1,,
ESTAT:ILC_LVPS09(1.0),06/03/26 11:00:00,Annual,Employed persons working part-time,From 25 to 34 years,Percentage,Italy,2023,12.0,,
ESTAT:ILC_LVPS09(1.0),06/03/26 11:00:00,Annual,Employed persons working part-time,From 25 to 34 years,Percentage,Italy,2024,13.4,,
ESTAT:ILC_LVPS09(1.0),06/03/26 11:00:00,Annual,Employed persons working part-time,From 25 to 34 years,Percentage,Lithuania,2015,2.7,,
ESTAT:ILC_LVPS09(1.0),06/03/26 11:00:00,Annual,Employed persons working part-time,From 25 to 34 years,Percentage,Lithuania,2016,3.7,,
ESTAT:ILC_LVPS09(1.0),06/03/26 11:00:00,Annual,Employed persons working part-time,From 25 to 34 years,Percentage,Lithuania,2017,2.3,,
ESTAT:ILC_LVPS09(1.0),06/03/26 11:00:00,Annual,Employed persons working part-time,From 25 to 34 years,Percentage,Lithuania,2018,4.0,,
ESTAT:ILC_LVPS09(1.0),06/03/26 11:00:00,Annual,Employed persons working part-time,From 25 to 34 years,Percentage,Lithuania,2019,2.4,,
ESTAT:ILC_LVPS09(1.0),06/03/26 11:00:00,Annual,Employed persons working part-time,From 25 to 34 years,Percentage,Lithuania,2020,3.9,,
ESTAT:ILC_LVPS09(1.0),06/03/26 11:00:00,Annual,Employed persons working part-time,From 25 to 34 years,Percentage,Lithuania,2021,2.3,,
ESTAT:ILC_LVPS09(1.0),06/03/26 11:00:00,Annual,Employed persons working part-time,From 25 to 34 years,Percentage,Lithuania,2022,2.8,,
ESTAT:ILC_LVPS09(1.0),06/03/26 11:00:00,Annual,Employed persons working part-time,From 25 to 34 years,Percentage,Lithuania,2023,2.2,,
ESTAT:ILC_LVPS09(1.0),06/03/26 11:00:00,Annual,Employed persons working part-time,From 25 to 34 years,Percentage,Lithuania,2024,2.8,p,
ESTAT:ILC_LVPS09(1.0),06/03/26 11:00:00,Annual,Employed persons working part-time,From 25 to 34 years,Percentage,Luxembourg,2015,8.0,,
ESTAT:ILC_LVPS09(1.0),06/03/26 11:00:00,Annual,Employed persons working part-time,From 25 to 34 years,Percentage,Luxembourg,2016,5.2,b,
ESTAT:ILC_LVPS09(1.0),06/03/26 11:00:00,Annual,Employed persons working part-time,From 25 to 34 years,Percentage,Luxembourg,2017,5.9,,
ESTAT:ILC_LVPS09(1.0),06/03/26 11:00:00,Annual,Employed persons working part-time,From 25 to 34 years,Percentage,Luxembourg,2018,9.5,,
ESTAT:ILC_LVPS09(1.0),06/03/26 11:00:00,Annual,Employed persons working part-time,From 25 to 34 years,Percentage,Luxembourg,2019,9.7,,
ESTAT:ILC_LVPS09(1.0),06/03/26 11:00:00,Annual,Employed persons working part-time,From 25 to 34 years,Percentage,Luxembourg,2020,6.3,b,
ESTAT:ILC_LVPS09(1.0),06/03/26 11:00:00,Annual,Employed persons working part-time,From 25 to 34 years,Percentage,Luxembourg,2021,6.2,b,
ESTAT:ILC_LVPS09(1.0),06/03/26 11:00:00,Annual,Employed persons working part-time,From 25 to 34 years,Percentage,Luxembourg,2022,3.4,b,
ESTAT:ILC_LVPS09(1.0),06/03/26 11:00:00,Annual,Employed persons working part-time,From 25 to 34 years,Percentage,Luxembourg,2023,3.7,,
ESTAT:ILC_LVPS09(1.0),06/03/26 11:00:00,Annual,Employed persons working part-time,From 25 to 34 years,Percentage,Luxembourg,2024,6.0,,
ESTAT:ILC_LVPS09(1.0),06/03/26 11:00:00,Annual,Employed persons working part-time,From 25 to 34 years,Percentage,Latvia,2015,4.6,,
ESTAT:ILC_LVPS09(1.0),06/03/26 11:00:00,Annual,Employed persons working part-time,From 25 to 34 years,Percentage,Latvia,2016,4.5,,
ESTAT:ILC_LVPS09(1.0),06/03/26 11:00:00,Annual,Employed persons working part-time,From 25 to 34 years,Percentage,Latvia,2017,3.0,,
ESTAT:ILC_LVPS09(1.0),06/03/26 11:00:00,Annual,Employed persons working part-time,From 25 to 34 years,Percentage,Latvia,2018,1.4,,
ESTAT:ILC_LVPS09(1.0),06/03/26 11:00:00,Annual,Employed persons working part-time,From 25 to 34 years,Percentage,Latvia,2019,1.9,,
ESTAT:ILC_LVPS09(1.0),06/03/26 11:00:00,Annual,Employed persons working part-time,From 25 to 34 years,Percentage,Latvia,2020,6.1,,
ESTAT:ILC_LVPS09(1.0),06/03/26 11:00:00,Annual,Employed persons working part-time,From 25 to 34 years,Percentage,Latvia,2021,2.5,,
ESTAT:ILC_LVPS09(1.0),06/03/26 11:00:00,Annual,Employed persons working part-time,From 25 to 34 years,Percentage,Latvia,2022,1.5,,
ESTAT:ILC_LVPS09(1.0),06/03/26 11:00:00,Annual,Employed persons working part-time,From 25 to 34 years,Percentage,Latvia,2023,2.9,,
ESTAT:ILC_LVPS09(1.0),06/03/26 11:00:00,Annual,Employed persons working part-time,From 25 to 34 years,Percentage,Latvia,2024,7.2,,
ESTAT:ILC_LVPS09(1.0),06/03/26 11:00:00,Annual,Employed persons working part-time,From 25 to 34 years,Percentage,Latvia,2025,6.5,,
ESTAT:ILC_LVPS09(1.0),06/03/26 11:00:00,Annual,Employed persons working part-time,From 25 to 34 years,Percentage,Montenegro,2015,1.5,,
ESTAT:ILC_LVPS09(1.0),06/03/26 11:00:00,Annual,Employed persons working part-time,From 25 to 34 years,Percentage,Montenegro,2016,1.3,,
ESTAT:ILC_LVPS09(1.0),06/03/26 11:00:00,Annual,Employed persons working part-time,From 25 to 34 years,Percentage,Montenegro,2017,1.1,,
ESTAT:ILC_LVPS09(1.0),06/03/26 11:00:00,Annual,Employed persons working part-time,From 25 to 34 years,Percentage,Montenegro,2018,0.5,,
ESTAT:ILC_LVPS09(1.0),06/03/26 11:00:00,Annual,Employed persons working part-time,From 25 to 34 years,Percentage,Montenegro,2019,1.0,,
ESTAT:ILC_LVPS09(1.0),06/03/26 11:00:00,Annual,Employed persons working part-time,From 25 to 34 years,Percentage,Montenegro,2020,1.6,,
ESTAT:ILC_LVPS09(1.0),06/03/26 11:00:00,Annual,Employed persons working part-time,From 25 to 34 years,Percentage,Montenegro,2021,3.0,,
ESTAT:ILC_LVPS09(1.0),06/03/26 11:00:00,Annual,Employed persons working part-time,From 25 to 34 years,Percentage,Montenegro,2022,3.3,,
ESTAT:ILC_LVPS09(1.0),06/03/26 11:00:00,Annual,Employed persons working part-time,From 25 to 34 years,Percentage,North Macedonia,2015,2.1,,
ESTAT:ILC_LVPS09(1.0),06/03/26 11:00:00,Annual,Employed persons working part-time,From 25 to 34 years,Percentage,North Macedonia,2016,1.4,,
ESTAT:ILC_LVPS09(1.0),06/03/26 11:00:00,Annual,Employed persons working part-time,From 25 to 34 years,Percentage,North Macedonia,2017,1.5,,
ESTAT:ILC_LVPS09(1.0),06/03/26 11:00:00,Annual,Employed persons working part-time,From 25 to 34 years,Percentage,North Macedonia,2018,2.2,,
ESTAT:ILC_LVPS09(1.0),06/03/26 11:00:00,Annual,Employed persons working part-time,From 25 to 34 years,Percentage,North Macedonia,2019,1.9,,
ESTAT:ILC_LVPS09(1.0),06/03/26 11:00:00,Annual,Employed persons working part-time,From 25 to 34 years,Percentage,North Macedonia,2020,1.3,,
ESTAT:ILC_LVPS09(1.0),06/03/26 11:00:00,Annual,Employed persons working part-time,From 25 to 34 years,Percentage,North Macedonia,2021,1.1,b,
ESTAT:ILC_LVPS09(1.0),06/03/26 11:00:00,Annual,Employed persons working part-time,From 25 to 34 years,Percentage,North Macedonia,2022,1.0,,
ESTAT:ILC_LVPS09(1.0),06/03/26 11:00:00,Annual,Employed persons working part-time,From 25 to 34 years,Percentage,North Macedonia,2023,1.6,,
ESTAT:ILC_LVPS09(1.0),06/03/26 11:00:00,Annual,Employed persons working part-time,From 25 to 34 years,Percentage,Malta,2015,3.0,,
ESTAT:ILC_LVPS09(1.0),06/03/26 11:00:00,Annual,Employed persons working part-time,From 25 to 34 years,Percentage,Malta,2016,5.0,,
ESTAT:ILC_LVPS09(1.0),06/03/26 11:00:00,Annual,Employed persons working part-time,From 25 to 34 years,Percentage,Malta,2017,3.8,,
ESTAT:ILC_LVPS09(1.0),06/03/26 11:00:00,Annual,Employed persons working part-time,From 25 to 34 years,Percentage,Malta,2018,3.5,,
ESTAT:ILC_LVPS09(1.0),06/03/26 11:00:00,Annual,Employed persons working part-time,From 25 to 34 years,Percentage,Malta,2019,3.7,,
ESTAT:ILC_LVPS09(1.0),06/03/26 11:00:00,Annual,Employed persons working part-time,From 25 to 34 years,Percentage,Malta,2020,4.1,,
ESTAT:ILC_LVPS09(1.0),06/03/26 11:00:00,Annual,Employed persons working part-time,From 25 to 34 years,Percentage,Malta,2021,2.8,,
ESTAT:ILC_LVPS09(1.0),06/03/26 11:00:00,Annual,Employed persons working part-time,From 25 to 34 years,Percentage,Malta,2022,5.5,,
ESTAT:ILC_LVPS09(1.0),06/03/26 11:00:00,Annual,Employed persons working part-time,From 25 to 34 years,Percentage,Malta,2023,5.4,,
ESTAT:ILC_LVPS09(1.0),06/03/26 11:00:00,Annual,Employed persons working part-time,From 25 to 34 years,Percentage,Malta,2024,3.0,,
ESTAT:ILC_LVPS09(1.0),06/03/26 11:00:00,Annual,Employed persons working part-time,From 25 to 34 years,Percentage,Netherlands,2015,17.3,,
ESTAT:ILC_LVPS09(1.0),06/03/26 11:00:00,Annual,Employed persons working part-time,From 25 to 34 years,Percentage,Netherlands,2016,20.7,b,
ESTAT:ILC_LVPS09(1.0),06/03/26 11:00:00,Annual,Employed persons working part-time,From 25 to 34 years,Percentage,Netherlands,2017,22.9,,
ESTAT:ILC_LVPS09(1.0),06/03/26 11:00:00,Annual,Employed persons working part-time,From 25 to 34 years,Percentage,Netherlands,2018,26.5,,
ESTAT:ILC_LVPS09(1.0),06/03/26 11:00:00,Annual,Employed persons working part-time,From 25 to 34 years,Percentage,Netherlands,2019,25.5,,
ESTAT:ILC_LVPS09(1.0),06/03/26 11:00:00,Annual,Employed persons working part-time,From 25 to 34 years,Percentage,Netherlands,2020,34.1,,
ESTAT:ILC_LVPS09(1.0),06/03/26 11:00:00,Annual,Employed persons working part-time,From 25 to 34 years,Percentage,Netherlands,2021,14.7,,
ESTAT:ILC_LVPS09(1.0),06/03/26 11:00:00,Annual,Employed persons working part-time,From 25 to 34 years,Percentage,Netherlands,2022,14.9,,
ESTAT:ILC_LVPS09(1.0),06/03/26 11:00:00,Annual,Employed persons working part-time,From 25 to 34 years,Percentage,Netherlands,2023,16.3,,
ESTAT:ILC_LVPS09(1.0),06/03/26 11:00:00,Annual,Employed persons working part-time,From 25 to 34 years,Percentage,Netherlands,2024,14.9,,
ESTAT:ILC_LVPS09(1.0),06/03/26 11:00:00,Annual,Employed persons working part-time,From 25 to 34 years,Percentage,Netherlands,2025,14.3,,
ESTAT:ILC_LVPS09(1.0),06/03/26 11:00:00,Annual,Employed persons working part-time,From 25 to 34 years,Percentage,Norway,2015,10.7,,
ESTAT:ILC_LVPS09(1.0),06/03/26 11:00:00,Annual,Employed persons working part-time,From 25 to 34 years,Percentage,Norway,2016,8.9,,
ESTAT:ILC_LVPS09(1.0),06/03/26 11:00:00,Annual,Employed persons working part-time,From 25 to 34 years,Percentage,Norway,2017,9.7,,
ESTAT:ILC_LVPS09(1.0),06/03/26 11:00:00,Annual,Employed persons working part-time,From 25 to 34 years,Percentage,Norway,2018,12.5,,
ESTAT:ILC_LVPS09(1.0),06/03/26 11:00:00,Annual,Employed persons working part-time,From 25 to 34 years,Percentage,Norway,2019,9.8,,
ESTAT:ILC_LVPS09(1.0),06/03/26 11:00:00,Annual,Employed persons working part-time,From 25 to 34 years,Percentage,Norway,2020,5.9,,
ESTAT:ILC_LVPS09(1.0),06/03/26 11:00:00,Annual,Employed persons working part-time,From 25 to 34 years,Percentage,Norway,2021,14.8,b,
ESTAT:ILC_LVPS09(1.0),06/03/26 11:00:00,Annual,Employed persons working part-time,From 25 to 34 years,Percentage,Norway,2022,9.7,,
ESTAT:ILC_LVPS09(1.0),06/03/26 11:00:00,Annual,Employed persons working part-time,From 25 to 34 years,Percentage,Norway,2023,13.7,,
ESTAT:ILC_LVPS09(1.0),06/03/26 11:00:00,Annual,Employed persons working part-time,From 25 to 34 years,Percentage,Norway,2024,14.2,,
ESTAT:ILC_LVPS09(1.0),06/03/26 11:00:00,Annual,Employed persons working part-time,From 25 to 34 years,Percentage,Poland,2015,4.7,,
ESTAT:ILC_LVPS09(1.0),06/03/26 11:00:00,Annual,Employed persons working part-time,From 25 to 34 years,Percentage,Poland,2016,4.7,,
ESTAT:ILC_LVPS09(1.0),06/03/26 11:00:00,Annual,Employed persons working part-time,From 25 to 34 years,Percentage,Poland,2017,3.8,,
ESTAT:ILC_LVPS09(1.0),06/03/26 11:00:00,Annual,Employed persons working part-time,From 25 to 34 years,Percentage,Poland,2018,4.1,,
ESTAT:ILC_LVPS09(1.0),06/03/26 11:00:00,Annual,Employed persons working part-time,From 25 to 34 years,Percentage,Poland,2019,4.7,,
ESTAT:ILC_LVPS09(1.0),06/03/26 11:00:00,Annual,Employed persons working part-time,From 25 to 34 years,Percentage,Poland,2020,3.9,,
ESTAT:ILC_LVPS09(1.0),06/03/26 11:00:00,Annual,Employed persons working part-time,From 25 to 34 years,Percentage,Poland,2021,3.4,,
ESTAT:ILC_LVPS09(1.0),06/03/26 11:00:00,Annual,Employed persons working part-time,From 25 to 34 years,Percentage,Poland,2022,3.3,,
ESTAT:ILC_LVPS09(1.0),06/03/26 11:00:00,Annual,Employed persons working part-time,From 25 to 34 years,Percentage,Poland,2023,4.0,,
ESTAT:ILC_LVPS09(1.0),06/03/26 11:00:00,Annual,Employed persons working part-time,From 25 to 34 years,Percentage,Poland,2024,3.7,,
ESTAT:ILC_LVPS09(1.0),06/03/26 11:00:00,Annual,Employed persons working part-time,From 25 to 34 years,Percentage,Portugal,2015,3.7,,
ESTAT:ILC_LVPS09(1.0),06/03/26 11:00:00,Annual,Employed persons working part-time,From 25 to 34 years,Percentage,Portugal,2016,3.8,,
ESTAT:ILC_LVPS09(1.0),06/03/26 11:00:00,Annual,Employed persons working part-time,From 25 to 34 years,Percentage,Portugal,2017,6.8,,
ESTAT:ILC_LVPS09(1.0),06/03/26 11:00:00,Annual,Employed persons working part-time,From 25 to 34 years,Percentage,Portugal,2018,5.5,,
ESTAT:ILC_LVPS09(1.0),06/03/26 11:00:00,Annual,Employed persons working part-time,From 25 to 34 years,Percentage,Portugal,2019,3.8,,
ESTAT:ILC_LVPS09(1.0),06/03/26 11:00:00,Annual,Employed persons working part-time,From 25 to 34 years,Percentage,Portugal,2020,4.2,,
ESTAT:ILC_LVPS09(1.0),06/03/26 11:00:00,Annual,Employed persons working part-time,From 25 to 34 years,Percentage,Portugal,2021,4.7,,
ESTAT:ILC_LVPS09(1.0),06/03/26 11:00:00,Annual,Employed persons working part-time,From 25 to 34 years,Percentage,Portugal,2022,4.9,,
ESTAT:ILC_LVPS09(1.0),06/03/26 11:00:00,Annual,Employed persons working part-time,From 25 to 34 years,Percentage,Portugal,2023,3.4,,
ESTAT:ILC_LVPS09(1.0),06/03/26 11:00:00,Annual,Employed persons working part-time,From 25 to 34 years,Percentage,Portugal,2024,5.3,,
ESTAT:ILC_LVPS09(1.0),06/03/26 11:00:00,Annual,Employed persons working part-time,From 25 to 34 years,Percentage,Portugal,2025,4.9,,
ESTAT:ILC_LVPS09(1.0),06/03/26 11:00:00,Annual,Employed persons working part-time,From 25 to 34 years,Percentage,Romania,2015,6.7,,
ESTAT:ILC_LVPS09(1.0),06/03/26 11:00:00,Annual,Employed persons working part-time,From 25 to 34 years,Percentage,Romania,2016,8.1,,
ESTAT:ILC_LVPS09(1.0),06/03/26 11:00:00,Annual,Employed persons working part-time,From 25 to 34 years,Percentage,Romania,2017,7.5,,
ESTAT:ILC_LVPS09(1.0),06/03/26 11:00:00,Annual,Employed persons working part-time,From 25 to 34 years,Percentage,Romania,2018,7.6,,
ESTAT:ILC_LVPS09(1.0),06/03/26 11:00:00,Annual,Employed persons working part-time,From 25 to 34 years,Percentage,Romania,2019,7.3,,
ESTAT:ILC_LVPS09(1.0),06/03/26 11:00:00,Annual,Employed persons working part-time,From 25 to 34 years,Percentage,Romania,2020,8.8,,
ESTAT:ILC_LVPS09(1.0),06/03/26 11:00:00,Annual,Employed persons working part-time,From 25 to 34 years,Percentage,Romania,2021,5.4,,
ESTAT:ILC_LVPS09(1.0),06/03/26 11:00:00,Annual,Employed persons working part-time,From 25 to 34 years,Percentage,Romania,2022,5.3,,
ESTAT:ILC_LVPS09(1.0),06/03/26 11:00:00,Annual,Employed persons working part-time,From 25 to 34 years,Percentage,Romania,2023,0.3,,
ESTAT:ILC_LVPS09(1.0),06/03/26 11:00:00,Annual,Employed persons working part-time,From 25 to 34 years,Percentage,Romania,2024,4.7,,
ESTAT:ILC_LVPS09(1.0),06/03/26 11:00:00,Annual,Employed persons working part-time,From 25 to 34 years,Percentage,Romania,2025,6.6,,
ESTAT:ILC_LVPS09(1.0),06/03/26 11:00:00,Annual,Employed persons working part-time,From 25 to 34 years,Percentage,Serbia,2015,3.0,,
ESTAT:ILC_LVPS09(1.0),06/03/26 11:00:00,Annual,Employed persons working part-time,From 25 to 34 years,Percentage,Serbia,2016,2.1,,
ESTAT:ILC_LVPS09(1.0),06/03/26 11:00:00,Annual,Employed persons working part-time,From 25 to 34 years,Percentage,Serbia,2017,1.0,,
ESTAT:ILC_LVPS09(1.0),06/03/26 11:00:00,Annual,Employed persons working part-time,From 25 to 34 years,Percentage,Serbia,2018,1.2,,
ESTAT:ILC_LVPS09(1.0),06/03/26 11:00:00,Annual,Employed persons working part-time,From 25 to 34 years,Percentage,Serbia,2019,0.9,,
ESTAT:ILC_LVPS09(1.0),06/03/26 11:00:00,Annual,Employed persons working part-time,From 25 to 34 years,Percentage,Serbia,2020,0.5,,
ESTAT:ILC_LVPS09(1.0),06/03/26 11:00:00,Annual,Employed persons working part-time,From 25 to 34 years,Percentage,Serbia,2021,1.0,,
ESTAT:ILC_LVPS09(1.0),06/03/26 11:00:00,Annual,Employed persons working part-time,From 25 to 34 years,Percentage,Serbia,2022,1.6,,
ESTAT:ILC_LVPS09(1.0),06/03/26 11:00:00,Annual,Employed persons working part-time,From 25 to 34 years,Percentage,Serbia,2023,1.5,,
ESTAT:ILC_LVPS09(1.0),06/03/26 11:00:00,Annual,Employed persons working part-time,From 25 to 34 years,Percentage,Serbia,2024,1.8,,
ESTAT:ILC_LVPS09(1.0),06/03/26 11:00:00,Annual,Employed persons working part-time,From 25 to 34 years,Percentage,Sweden,2015,12.2,,
ESTAT:ILC_LVPS09(1.0),06/03/26 11:00:00,Annual,Employed persons working part-time,From 25 to 34 years,Percentage,Sweden,2016,14.5,,
ESTAT:ILC_LVPS09(1.0),06/03/26 11:00:00,Annual,Employed persons working part-time,From 25 to 34 years,Percentage,Sweden,2017,10.7,,
ESTAT:ILC_LVPS09(1.0),06/03/26 11:00:00,Annual,Employed persons working part-time,From 25 to 34 years,Percentage,Sweden,2018,12.0,,
ESTAT:ILC_LVPS09(1.0),06/03/26 11:00:00,Annual,Employed persons working part-time,From 25 to 34 years,Percentage,Sweden,2019,13.0,,
ESTAT:ILC_LVPS09(1.0),06/03/26 11:00:00,Annual,Employed persons working part-time,From 25 to 34 years,Percentage,Sweden,2020,15.3,,
ESTAT:ILC_LVPS09(1.0),06/03/26 11:00:00,Annual,Employed persons working part-time,From 25 to 34 years,Percentage,Sweden,2021,11.4,,
ESTAT:ILC_LVPS09(1.0),06/03/26 11:00:00,Annual,Employed persons working part-time,From 25 to 34 years,Percentage,Sweden,2022,9.3,,
ESTAT:ILC_LVPS09(1.0),06/03/26 11:00:00,Annual,Employed persons working part-time,From 25 to 34 years,Percentage,Sweden,2023,9.7,,
ESTAT:ILC_LVPS09(1.0),06/03/26 11:00:00,Annual,Employed persons working part-time,From 25 to 34 years,Percentage,Sweden,2024,13.1,,
ESTAT:ILC_LVPS09(1.0),06/03/26 11:00:00,Annual,Employed persons working part-time,From 25 to 34 years,Percentage,Sweden,2025,10.1,,
ESTAT:ILC_LVPS09(1.0),06/03/26 11:00:00,Annual,Employed persons working part-time,From 25 to 34 years,Percentage,Slovenia,2015,3.0,,
ESTAT:ILC_LVPS09(1.0),06/03/26 11:00:00,Annual,Employed persons working part-time,From 25 to 34 years,Percentage,Slovenia,2016,3.2,,
ESTAT:ILC_LVPS09(1.0),06/03/26 11:00:00,Annual,Employed persons working part-time,From 25 to 34 years,Percentage,Slovenia,2017,3.4,,
ESTAT:ILC_LVPS09(1.0),06/03/26 11:00:00,Annual,Employed persons working part-time,From 25 to 34 years,Percentage,Slovenia,2018,4.1,,
ESTAT:ILC_LVPS09(1.0),06/03/26 11:00:00,Annual,Employed persons working part-time,From 25 to 34 years,Percentage,Slovenia,2019,2.8,,
ESTAT:ILC_LVPS09(1.0),06/03/26 11:00:00,Annual,Employed persons working part-time,From 25 to 34 years,Percentage,Slovenia,2020,2.5,,
ESTAT:ILC_LVPS09(1.0),06/03/26 11:00:00,Annual,Employed persons working part-time,From 25 to 34 years,Percentage,Slovenia,2021,2.9,,
ESTAT:ILC_LVPS09(1.0),06/03/26 11:00:00,Annual,Employed persons working part-time,From 25 to 34 years,Percentage,Slovenia,2022,1.9,,
ESTAT:ILC_LVPS09(1.0),06/03/26 11:00:00,Annual,Employed persons working part-time,From 25 to 34 years,Percentage,Slovenia,2023,2.0,,
ESTAT:ILC_LVPS09(1.0),06/03/26 11:00:00,Annual,Employed persons working part-time,From 25 to 34 years,Percentage,Slovenia,2024,1.0,,
ESTAT:ILC_LVPS09(1.0),06/03/26 11:00:00,Annual,Employed persons working part-time,From 25 to 34 years,Percentage,Slovenia,2025,1.7,,
ESTAT:ILC_LVPS09(1.0),06/03/26 11:00:00,Annual,Employed persons working part-time,From 25 to 34 years,Percentage,Slovakia,2015,1.5,,
ESTAT:ILC_LVPS09(1.0),06/03/26 11:00:00,Annual,Employed persons working part-time,From 25 to 34 years,Percentage,Slovakia,2016,1.2,,
ESTAT:ILC_LVPS09(1.0),06/03/26 11:00:00,Annual,Employed persons working part-time,From 25 to 34 years,Percentage,Slovakia,2017,1.2,,
ESTAT:ILC_LVPS09(1.0),06/03/26 11:00:00,Annual,Employed persons working part-time,From 25 to 34 years,Percentage,Slovakia,2018,1.4,,
ESTAT:ILC_LVPS09(1.0),06/03/26 11:00:00,Annual,Employed persons working part-time,From 25 to 34 years,Percentage,Slovakia,2019,1.6,,
ESTAT:ILC_LVPS09(1.0),06/03/26 11:00:00,Annual,Employed persons working part-time,From 25 to 34 years,Percentage,Slovakia,2020,2.5,,
ESTAT:ILC_LVPS09(1.0),06/03/26 11:00:00,Annual,Employed persons working part-time,From 25 to 34 years,Percentage,Slovakia,2021,1.6,,
ESTAT:ILC_LVPS09(1.0),06/03/26 11:00:00,Annual,Employed persons working part-time,From 25 to 34 years,Percentage,Slovakia,2022,2.7,,
ESTAT:ILC_LVPS09(1.0),06/03/26 11:00:00,Annual,Employed persons working part-time,From 25 to 34 years,Percentage,Slovakia,2023,1.0,,
ESTAT:ILC_LVPS09(1.0),06/03/26 11:00:00,Annual,Employed persons working part-time,From 25 to 34 years,Percentage,Slovakia,2024,0.9,,
ESTAT:ILC_LVPS09(1.0),06/03/26 11:00:00,Annual,Employed persons working part-time,From 25 to 34 years,Percentage,Türkiye,2015,3.2,,
ESTAT:ILC_LVPS09(1.0),06/03/26 11:00:00,Annual,Employed persons working part-time,From 25 to 34 years,Percentage,Türkiye,2016,3.3,,
ESTAT:ILC_LVPS09(1.0),06/03/26 11:00:00,Annual,Employed persons working part-time,From 25 to 34 years,Percentage,Türkiye,2017,3.4,,
ESTAT:ILC_LVPS09(1.0),06/03/26 11:00:00,Annual,Employed persons working part-time,From 25 to 34 years,Percentage,Türkiye,2018,3.8,,
ESTAT:ILC_LVPS09(1.0),06/03/26 11:00:00,Annual,Employed persons working part-time,From 25 to 34 years,Percentage,Türkiye,2019,3.0,,
ESTAT:ILC_LVPS09(1.0),06/03/26 11:00:00,Annual,Employed persons working part-time,From 25 to 34 years,Percentage,Türkiye,2020,2.9,,
ESTAT:ILC_LVPS09(1.0),06/03/26 11:00:00,Annual,Employed persons working part-time,From 25 to 34 years,Percentage,Türkiye,2021,1.8,,
ESTAT:ILC_LVPS09(1.0),06/03/26 11:00:00,Annual,Employed persons working part-time,From 25 to 34 years,Percentage,Türkiye,2022,,m,
ESTAT:ILC_LVPS09(1.0),06/03/26 11:00:00,Annual,Employed persons working part-time,From 25 to 34 years,Percentage,Türkiye,2023,1.7,,
ESTAT:ILC_LVPS09(1.0),06/03/26 11:00:00,Annual,Employed persons working part-time,From 25 to 34 years,Percentage,Türkiye,2024,2.3,,
ESTAT:ILC_LVPS09(1.0),06/03/26 11:00:00,Annual,Employed persons working part-time,From 25 to 34 years,Percentage,Türkiye,2025,2.9,,
ESTAT:ILC_LVPS09(1.0),06/03/26 11:00:00,Annual,Employed persons working part-time,From 25 to 34 years,Percentage,United Kingdom,2015,9.5,,
ESTAT:ILC_LVPS09(1.0),06/03/26 11:00:00,Annual,Employed persons working part-time,From 25 to 34 years,Percentage,United Kingdom,2016,11.0,,
ESTAT:ILC_LVPS09(1.0),06/03/26 11:00:00,Annual,Employed persons working part-time,From 25 to 34 years,Percentage,United Kingdom,2017,13.5,b,
ESTAT:ILC_LVPS09(1.0),06/03/26 11:00:00,Annual,Employed persons working part-time,From 25 to 34 years,Percentage,United Kingdom,2018,12.2,,
ESTAT:ILC_LVPS09(1.0),06/03/26 11:00:00,Annual,Employed persons working part-time,From 25 to 34 years,Percentage,Kosovo*,2018,0.5,,
